id,full_name,username,email,gender,Department,Salary
1,Carlo Downgate,cdowngate0,cdowngate0@japanpost.jp,Male,Support,"€1738,01"
2,Hazel Rylatt,hrylatt1,hrylatt1@instagram.com,Male,Legal,"€2953,26"
3,Dena Biddell,dbiddell2,dbiddell2@smh.com.au,Female,Research and Development,"€1848,98"
4,Josselyn Rizzotto,jrizzotto3,jrizzotto3@comsenz.com,Female,Services,"€1972,74"
5,Dory O'Regan,doregan4,doregan4@oracle.com,Female,Human Resources,"€1958,72"
6,Pierson Kornyshev,pkornyshev5,pkornyshev5@infoseek.co.jp,Male,Accounting,"€2185,49"
7,Fields Andriveaux,fandriveaux6,fandriveaux6@parallels.com,Male,Legal,"€2549,67"
8,Zacharie Parlor,zparlor7,zparlor7@liveinternet.ru,Male,Support,"€2186,38"
9,Cosme Giamo,cgiamo8,cgiamo8@timesonline.co.uk,Male,Research and Development,"€2770,80"
10,Flora Eburah,feburah9,feburah9@vimeo.com,Female,Business Development,"€2620,44"
11,Dulsea Sibley,dsibleya,dsibleya@deliciousdays.com,Female,Engineering,"€2424,23"
12,Xymenes Heindrick,xheindrickb,xheindrickb@technorati.com,Male,Support,"€1517,25"
13,Kristoforo Philips,kphilipsc,kphilipsc@ucsd.edu,Male,Product Management,"€1593,98"
14,Urbanus Checklin,uchecklind,uchecklind@typepad.com,Male,Sales,"€2659,71"
15,Dael Graver,dgravere,dgravere@intel.com,Female,Product Management,"€1823,54"
16,Conrade Senior,cseniorf,cseniorf@surveymonkey.com,Male,Support,"€2670,76"
17,Donavon MacGowan,dmacgowang,dmacgowang@nyu.edu,Male,Support,"€2800,03"
18,Jerald Perritt,jperritth,jperritth@livejournal.com,Male,Human Resources,"€1895,58"
19,Field Geldert,fgelderti,fgelderti@addthis.com,Male,Engineering,"€2500,73"
20,Susette Redmore,sredmorej,sredmorej@spotify.com,Female,Engineering,"€2083,92"
21,Min Bloxham,mbloxhamk,mbloxhamk@hexun.com,Female,Engineering,"€2413,69"
22,Lyndy Picford,lpicfordl,lpicfordl@lycos.com,Female,Human Resources,"€1806,75"
23,Sydney Ingold,singoldm,singoldm@sina.com.cn,Male,Services,"€1972,64"
24,Tani Olive,toliven,toliven@webmd.com,Female,Human Resources,"€2988,06"
25,Tammi Treanor,ttreanoro,ttreanoro@photobucket.com,Female,Business Development,"€2289,39"
26,Fernandina Fullalove,ffullalovep,ffullalovep@wisc.edu,Female,Support,"€1611,20"
27,Sofia Ralfe,sralfeq,sralfeq@telegraph.co.uk,Female,Business Development,"€1938,00"
28,Francklyn Samsworth,fsamsworthr,fsamsworthr@psu.edu,Male,Sales,"€1828,50"
29,Arel Taphouse,ataphouses,ataphouses@marketwatch.com,Male,Marketing,"€1652,86"
30,Savina Ravilious,sravilioust,sravilioust@simplemachines.org,Female,Support,"€1510,02"
31,Rowan Skate,rskateu,rskateu@state.tx.us,Male,Business Development,"€2662,46"
32,Tatiana Shyram,tshyramv,tshyramv@twitter.com,Female,Engineering,"€1504,66"
33,Huntington Lindeman,hlindemanw,hlindemanw@microsoft.com,Male,Business Development,"€2020,83"
34,Ryun McCrainor,rmccrainorx,rmccrainorx@whitehouse.gov,Male,Engineering,"€1501,27"
35,Evan Wiskar,ewiskary,ewiskary@columbia.edu,Male,Legal,"€2151,01"
36,Tracie McGucken,tmcguckenz,tmcguckenz@upenn.edu,Male,Training,"€2442,90"
37,Marysa Anselm,manselm10,manselm10@fema.gov,Female,Support,"€1521,44"
38,Ewan Ivashkin,eivashkin11,eivashkin11@webnode.com,Male,Engineering,"€1649,47"
39,Jess Phillott,jphillott12,jphillott12@facebook.com,Female,Research and Development,"€2267,37"
40,Randell Adaway,radaway13,radaway13@ucla.edu,Male,Engineering,"€2603,64"
41,Todd Schlag,tschlag14,tschlag14@timesonline.co.uk,Male,Accounting,"€1789,27"
42,Barbabas Wisdom,bwisdom15,bwisdom15@vkontakte.ru,Male,Research and Development,"€1503,49"
43,Aime Morris,amorris16,amorris16@weather.com,Female,Sales,"€2150,21"
44,Bryce Denkel,bdenkel17,bdenkel17@gnu.org,Male,Services,"€2964,49"
45,Giulia Bramstom,gbramstom18,gbramstom18@scribd.com,Female,Research and Development,"€2192,04"
46,Aldrich Guidelli,aguidelli19,aguidelli19@ftc.gov,Male,Product Management,"€1961,52"
47,Donica Ausello,dausello1a,dausello1a@theglobeandmail.com,Female,Services,"€2202,62"
48,Harald Lunam,hlunam1b,hlunam1b@upenn.edu,Male,Engineering,"€2708,80"
49,Orrin Kaes,okaes1c,okaes1c@phoca.cz,Male,Legal,"€2677,19"
50,Braden Steer,bsteer1d,bsteer1d@earthlink.net,Male,Services,"€1890,80"
51,Debi Gaskins,dgaskins1e,dgaskins1e@ebay.com,Female,Engineering,"€2175,21"
52,Howey Mowsley,hmowsley1f,hmowsley1f@cisco.com,Male,Support,"€2661,23"
53,Paulie Harback,pharback1g,pharback1g@twitter.com,Male,Legal,"€1590,17"
54,Hastie Croucher,hcroucher1h,hcroucher1h@dion.ne.jp,Male,Research and Development,"€1997,28"
55,Jeannie Bartod,jbartod1i,jbartod1i@creativecommons.org,Female,Business Development,"€2706,22"
56,Jeddy Popplewell,jpopplewell1j,jpopplewell1j@google.ru,Male,Research and Development,"€1514,56"
57,Bax Benford,bbenford1k,bbenford1k@ning.com,Male,Product Management,"€1844,75"
58,Pansie Greenman,pgreenman1l,pgreenman1l@youtu.be,Female,Legal,"€2462,05"
59,Edmund Baxter,ebaxter1m,ebaxter1m@weather.com,Male,Accounting,"€2080,52"
60,Gilligan Turl,gturl1n,gturl1n@scientificamerican.com,Female,Human Resources,"€2493,58"
61,Donall Ive,dive1o,dive1o@ucsd.edu,Male,Research and Development,"€2973,62"
62,Artemus Deal,adeal1p,adeal1p@theguardian.com,Male,Engineering,"€2899,14"
63,Hendrick Treharne,htreharne1q,htreharne1q@google.ca,Male,Human Resources,"€2700,16"
64,Sibbie Digginson,sdigginson1r,sdigginson1r@domainmarket.com,Female,Research and Development,"€1995,14"
65,Rand MacGilfoyle,rmacgilfoyle1s,rmacgilfoyle1s@sohu.com,Male,Services,"€1864,37"
66,Doretta Snashall,dsnashall1t,dsnashall1t@walmart.com,Female,Services,"€2036,53"
67,Valentine Sergeant,vsergeant1u,vsergeant1u@delicious.com,Male,Engineering,"€2190,81"
68,Natasha Mikalski,nmikalski1v,nmikalski1v@mysql.com,Female,Business Development,"€2558,90"
69,Adolf Harrismith,aharrismith1w,aharrismith1w@nasa.gov,Male,Legal,"€1861,13"
70,Tymothy Kettle,tkettle1x,tkettle1x@nyu.edu,Male,Accounting,"€2353,05"
71,Krista Grubbe,kgrubbe1y,kgrubbe1y@discovery.com,Female,Training,"€2383,57"
72,Evey Danielsky,edanielsky1z,edanielsky1z@mediafire.com,Female,Legal,"€2807,68"
73,Sam Heustice,sheustice20,sheustice20@bandcamp.com,Male,Business Development,"€1917,33"
74,Marylin Brownstein,mbrownstein21,mbrownstein21@cmu.edu,Female,Research and Development,"€1683,23"
75,Kathrine Knapp,kknapp22,kknapp22@usa.gov,Female,Training,"€2422,80"
76,Pegeen Dovydenas,pdovydenas23,pdovydenas23@addthis.com,Female,Support,"€1679,24"
77,Ivy Moncreiffe,imoncreiffe24,imoncreiffe24@twitter.com,Female,Training,"€2308,02"
78,Titos MacDunlevy,tmacdunlevy25,tmacdunlevy25@imdb.com,Male,Business Development,"€2145,48"
79,Farlie Grishakin,fgrishakin26,fgrishakin26@yale.edu,Male,Product Management,"€2366,58"
80,Alberta Lightowlers,alightowlers27,alightowlers27@huffingtonpost.com,Female,Human Resources,"€2609,55"
81,Maurice Norsister,mnorsister28,mnorsister28@weather.com,Male,Support,"€2457,80"
82,Ashley Corwood,acorwood29,acorwood29@cdc.gov,Male,Sales,"€2895,67"
83,Mary MacSharry,mmacsharry2a,mmacsharry2a@tiny.cc,Female,Product Management,"€1502,90"
84,Dorette Elcy,delcy2b,delcy2b@businessweek.com,Female,Research and Development,"€2611,56"
85,Penelope Szreter,pszreter2c,pszreter2c@skyrock.com,Female,Training,"€1760,57"
86,Lolly Antonellini,lantonellini2d,lantonellini2d@naver.com,Female,Support,"€1874,07"
87,Aluin Jinks,ajinks2e,ajinks2e@sourceforge.net,Male,Support,"€2707,09"
88,Judah Milington,jmilington2f,jmilington2f@is.gd,Male,Human Resources,"€1932,73"
89,Rowland Philippson,rphilippson2g,rphilippson2g@jalbum.net,Male,Human Resources,"€2438,23"
90,Mariska Dudny,mdudny2h,mdudny2h@theguardian.com,Female,Accounting,"€2560,00"
91,Katalin Alelsandrowicz,kalelsandrowicz2i,kalelsandrowicz2i@un.org,Female,Engineering,"€1500,00"
92,Harcourt Metterick,hmetterick2j,hmetterick2j@liveinternet.ru,Male,Engineering,"€2448,39"
93,Lindie Sharpous,lsharpous2k,lsharpous2k@soup.io,Female,Support,"€2421,94"
94,Adi Aldins,aaldins2l,aaldins2l@lulu.com,Female,Human Resources,"€2190,91"
95,Jamie Place,jplace2m,jplace2m@harvard.edu,Male,Legal,"€1965,65"
96,Delano Moukes,dmoukes2n,dmoukes2n@twitpic.com,Male,Business Development,"€1865,45"
97,Kym Stollwerck,kstollwerck2o,kstollwerck2o@answers.com,Female,Research and Development,"€1798,66"
98,Taber Chastenet,tchastenet2p,tchastenet2p@craigslist.org,Male,Engineering,"€1750,93"
99,Clark Oliveto,coliveto2q,coliveto2q@illinois.edu,Male,Human Resources,"€1729,94"
100,Cilka Lamberts,clamberts2r,clamberts2r@yahoo.co.jp,Female,Product Management,"€2071,02"
101,Carita Soan,csoan2s,csoan2s@chronoengine.com,Female,Business Development,"€1545,82"
102,Gabriella Cyphus,gcyphus2t,gcyphus2t@soup.io,Female,Accounting,"€1765,36"
103,Dotty Beere,dbeere2u,dbeere2u@vimeo.com,Female,Human Resources,"€2975,07"
104,Daniele Dwane,ddwane2v,ddwane2v@guardian.co.uk,Female,Training,"€2352,11"
105,Harriot Manicom,hmanicom2w,hmanicom2w@bravesites.com,Female,Support,"€2681,24"
106,Brian Trever,btrever2x,btrever2x@yellowbook.com,Male,Research and Development,"€2371,45"
107,Roberto Fiander,rfiander2y,rfiander2y@bbc.co.uk,Male,Business Development,"€1888,95"
108,Basilio Leele,bleele2z,bleele2z@github.io,Male,Accounting,"€1672,92"
109,Lily Knox,lknox30,lknox30@prlog.org,Female,Training,"€2449,18"
110,Wileen Bazoche,wbazoche31,wbazoche31@scribd.com,Female,Research and Development,"€1711,42"
111,Cherish Pickle,cpickle32,cpickle32@utexas.edu,Female,Sales,"€1600,05"
112,Aurilia Fingleton,afingleton33,afingleton33@boston.com,Female,Marketing,"€1543,46"
113,Noland Gawke,ngawke34,ngawke34@wix.com,Male,Research and Development,"€2490,55"
114,Jolyn Lamplugh,jlamplugh35,jlamplugh35@thetimes.co.uk,Female,Sales,"€2031,73"
115,Alika Smythin,asmythin36,asmythin36@ibm.com,Female,Services,"€1518,19"
116,Jordanna Licciardiello,jlicciardiello37,jlicciardiello37@etsy.com,Female,Human Resources,"€2293,05"
117,Lani Pelosi,lpelosi38,lpelosi38@goodreads.com,Female,Engineering,"€1716,39"
118,Korney Done,kdone39,kdone39@hud.gov,Female,Training,"€1864,60"
119,Lydon Rickerd,lrickerd3a,lrickerd3a@microsoft.com,Male,Training,"€2289,21"
120,Giustino Whissell,gwhissell3b,gwhissell3b@tumblr.com,Male,Sales,"€1659,30"
121,Gillie Farley,gfarley3c,gfarley3c@prlog.org,Female,Business Development,"€2005,65"
122,Casper Borgars,cborgars3d,cborgars3d@msn.com,Male,Human Resources,"€1729,81"
123,Rosalyn Cominoli,rcominoli3e,rcominoli3e@wikia.com,Female,Legal,"€2318,02"
124,Zonda Coie,zcoie3f,zcoie3f@msn.com,Female,Accounting,"€2753,88"
125,Harwilll Urian,hurian3g,hurian3g@diigo.com,Male,Services,"€2615,91"
126,Bab Wilcocks,bwilcocks3h,bwilcocks3h@va.gov,Female,Human Resources,"€1794,72"
127,Hatty Gregor,hgregor3i,hgregor3i@abc.net.au,Female,Engineering,"€1898,74"
128,Albrecht Frangione,afrangione3j,afrangione3j@rakuten.co.jp,Male,Human Resources,"€2932,91"
129,Neville Recher,nrecher3k,nrecher3k@psu.edu,Male,Product Management,"€2721,02"
130,Melany Bridell,mbridell3l,mbridell3l@sun.com,Female,Human Resources,"€2890,56"
131,Rik Van der Spohr,rvan3m,rvan3m@booking.com,Male,Research and Development,"€2567,30"
132,Margi Ingolotti,mingolotti3n,mingolotti3n@diigo.com,Female,Services,"€2741,37"
133,Andra Getcliff,agetcliff3o,agetcliff3o@lycos.com,Female,Support,"€2714,00"
134,Wes Baudry,wbaudry3p,wbaudry3p@jiathis.com,Male,Legal,"€2032,40"
135,Stacee Kuhle,skuhle3q,skuhle3q@sun.com,Female,Marketing,"€1680,68"
136,Cecelia Trobridge,ctrobridge3r,ctrobridge3r@newyorker.com,Female,Accounting,"€1878,45"
137,Munmro Mayman,mmayman3s,mmayman3s@networkadvertising.org,Male,Support,"€2648,56"
138,Fabiano MacLeod,fmacleod3t,fmacleod3t@meetup.com,Male,Accounting,"€2015,82"
139,Cheslie Pickavance,cpickavance3u,cpickavance3u@deviantart.com,Female,Human Resources,"€2615,40"
140,Alyce Friedenbach,afriedenbach3v,afriedenbach3v@arizona.edu,Female,Training,"€1818,69"
141,Horatio Heinemann,hheinemann3w,hheinemann3w@yelp.com,Male,Business Development,"€1676,76"
142,Levin Budgen,lbudgen3x,lbudgen3x@t.co,Male,Support,"€2600,70"
143,Bridget Easman,beasman3y,beasman3y@naver.com,Female,Business Development,"€1695,61"
144,Ulrich Carah,ucarah3z,ucarah3z@wordpress.org,Male,Engineering,"€2425,79"
145,Denise Harmar,dharmar40,dharmar40@china.com.cn,Female,Services,"€1745,55"
146,Galina Kienl,gkienl41,gkienl41@latimes.com,Female,Engineering,"€2589,92"
147,Milt McGuff,mmcguff42,mmcguff42@ucoz.com,Male,Research and Development,"€2268,91"
148,Reidar Blazynski,rblazynski43,rblazynski43@ezinearticles.com,Male,Accounting,"€2125,15"
149,Steffane Greeson,sgreeson44,sgreeson44@netscape.com,Female,Accounting,"€2559,37"
150,Collette Willoway,cwilloway45,cwilloway45@washingtonpost.com,Female,Legal,"€1581,61"
151,Rosina Halloway,rhalloway46,rhalloway46@canalblog.com,Female,Accounting,"€1930,80"
152,Constantin Pigrome,cpigrome47,cpigrome47@cisco.com,Male,Support,"€1515,95"
153,Geri Nesby,gnesby48,gnesby48@nationalgeographic.com,Female,Marketing,"€2704,52"
154,Stephanus Repper,srepper49,srepper49@dmoz.org,Male,Accounting,"€1865,67"
155,Stefa Atwill,satwill4a,satwill4a@wikimedia.org,Female,Services,"€1603,87"
156,Mirelle O' Timony,mo4b,mo4b@cargocollective.com,Female,Marketing,"€2582,95"
157,Rourke Tickel,rtickel4c,rtickel4c@joomla.org,Male,Human Resources,"€2535,74"
158,Arvie Parren,aparren4d,aparren4d@reference.com,Male,Business Development,"€2914,08"
159,Filia Tabour,ftabour4e,ftabour4e@tinypic.com,Female,Services,"€2670,77"
160,Miof mela Perago,mmela4f,mmela4f@digg.com,Female,Training,"€2032,67"
161,Jillana Parlet,jparlet4g,jparlet4g@sakura.ne.jp,Female,Training,"€2055,36"
162,Reed Wandrey,rwandrey4h,rwandrey4h@yolasite.com,Male,Marketing,"€2350,22"
163,Wilmer Hovenden,whovenden4i,whovenden4i@weather.com,Male,Research and Development,"€1571,39"
164,Helenelizabeth Brett,hbrett4j,hbrett4j@vkontakte.ru,Female,Services,"€1847,96"
165,Justen Kadwallider,jkadwallider4k,jkadwallider4k@woothemes.com,Male,Legal,"€2001,29"
166,Osmund Fouracre,ofouracre4l,ofouracre4l@google.ru,Male,Legal,"€2769,40"
167,Zaccaria Davidsohn,zdavidsohn4m,zdavidsohn4m@wix.com,Male,Accounting,"€2632,31"
168,Elmer Gooderick,egooderick4n,egooderick4n@foxnews.com,Male,Training,"€1780,82"
169,Dukie Bourthoumieux,dbourthoumieux4o,dbourthoumieux4o@ifeng.com,Male,Marketing,"€2016,29"
170,Dacy Afield,dafield4p,dafield4p@psu.edu,Female,Human Resources,"€2747,26"
171,Willy Van Hove,wvan4q,wvan4q@spotify.com,Female,Support,"€1769,01"
172,Judith Crofts,jcrofts4r,jcrofts4r@house.gov,Female,Business Development,"€1556,09"
173,Cherise Plewes,cplewes4s,cplewes4s@ftc.gov,Female,Sales,"€2729,09"
174,Iver Boulsher,iboulsher4t,iboulsher4t@twitpic.com,Male,Research and Development,"€1588,78"
175,Austin Libbie,alibbie4u,alibbie4u@msn.com,Female,Marketing,"€2802,13"
176,Ginny Filippazzo,gfilippazzo4v,gfilippazzo4v@disqus.com,Female,Support,"€2563,91"
177,Brodie Finlason,bfinlason4w,bfinlason4w@senate.gov,Male,Accounting,"€2476,58"
178,Torrin Madle,tmadle4x,tmadle4x@weather.com,Male,Business Development,"€2606,27"
179,Sybille Sigars,ssigars4y,ssigars4y@smh.com.au,Female,Research and Development,"€2746,04"
180,Gun Burroughes,gburroughes4z,gburroughes4z@posterous.com,Male,Human Resources,"€1574,80"
181,Jamey Hawkins,jhawkins50,jhawkins50@fotki.com,Male,Services,"€2957,61"
182,Allyn Sandwich,asandwich51,asandwich51@omniture.com,Female,Legal,"€2612,35"
183,Minni Giorgeschi,mgiorgeschi52,mgiorgeschi52@1und1.de,Female,Marketing,"€2587,89"
184,Estell Relph,erelph53,erelph53@icio.us,Female,Training,"€2333,04"
185,Reinwald Beazleigh,rbeazleigh54,rbeazleigh54@china.com.cn,Male,Product Management,"€1760,11"
186,Gus Doull,gdoull55,gdoull55@examiner.com,Male,Human Resources,"€1819,46"
187,Marcelline Lightfoot,mlightfoot56,mlightfoot56@amazon.de,Female,Business Development,"€2741,71"
188,Eldon Denington,edenington57,edenington57@freewebs.com,Male,Support,"€2045,46"
189,Tasia Paice,tpaice58,tpaice58@jalbum.net,Female,Support,"€1669,78"
190,Dorothee Kopec,dkopec59,dkopec59@seattletimes.com,Female,Training,"€1643,77"
191,Morten Bernot,mbernot5a,mbernot5a@chronoengine.com,Male,Human Resources,"€2636,14"
192,Rycca Kenset,rkenset5b,rkenset5b@mysql.com,Female,Marketing,"€1733,78"
193,Noellyn Torpie,ntorpie5c,ntorpie5c@privacy.gov.au,Female,Services,"€2474,03"
194,Terence Gingles,tgingles5d,tgingles5d@jimdo.com,Male,Human Resources,"€1897,23"
195,Sinclair Biggins,sbiggins5e,sbiggins5e@linkedin.com,Male,Accounting,"€1576,62"
196,Pip Lukasen,plukasen5f,plukasen5f@digg.com,Male,Human Resources,"€1971,37"
197,Mariann Perigeaux,mperigeaux5g,mperigeaux5g@soundcloud.com,Female,Services,"€1914,42"
198,Hinze Minchenton,hminchenton5h,hminchenton5h@epa.gov,Male,Engineering,"€2555,25"
199,Padraig Laurent,plaurent5i,plaurent5i@addthis.com,Male,Product Management,"€2997,13"
200,Terrill MacIver,tmaciver5j,tmaciver5j@army.mil,Male,Product Management,"€2654,38"
201,Teddy Lashford,tlashford5k,tlashford5k@is.gd,Male,Services,"€2588,14"
202,Jamima Corpes,jcorpes5l,jcorpes5l@merriam-webster.com,Female,Sales,"€1583,71"
203,Craggy Jizhaki,cjizhaki5m,cjizhaki5m@unicef.org,Male,Sales,"€1932,89"
204,Linnell Regnard,lregnard5n,lregnard5n@addthis.com,Female,Legal,"€2784,51"
205,Stern Viccary,sviccary5o,sviccary5o@nps.gov,Male,Business Development,"€1591,39"
206,Dew Fearon,dfearon5p,dfearon5p@dell.com,Male,Engineering,"€2371,96"
207,Tremaine August,taugust5q,taugust5q@economist.com,Male,Marketing,"€1600,85"
208,Rafaello Mosley,rmosley5r,rmosley5r@skyrock.com,Male,Business Development,"€2847,12"
209,Zachariah Tembridge,ztembridge5s,ztembridge5s@ibm.com,Male,Sales,"€1562,98"
210,Robers Capel,rcapel5t,rcapel5t@xrea.com,Male,Legal,"€1615,07"
211,Marja Thurber,mthurber5u,mthurber5u@nba.com,Female,Human Resources,"€2438,71"
212,Simeon Bishop,sbishop5v,sbishop5v@livejournal.com,Male,Sales,"€2167,56"
213,Polly Gors,pgors5w,pgors5w@blogger.com,Female,Legal,"€2967,03"
214,Gonzalo Brewse,gbrewse5x,gbrewse5x@stanford.edu,Male,Product Management,"€2367,78"
215,Giff Kennaird,gkennaird5y,gkennaird5y@addthis.com,Male,Sales,"€2719,94"
216,Astra Khilkov,akhilkov5z,akhilkov5z@mlb.com,Female,Services,"€2295,68"
217,Bertina Revell,brevell60,brevell60@sun.com,Female,Research and Development,"€1572,09"
218,Cobb Paulig,cpaulig61,cpaulig61@digg.com,Male,Support,"€2707,30"
219,Baxy Pierpoint,bpierpoint62,bpierpoint62@taobao.com,Male,Marketing,"€1570,43"
220,Hans Samples,hsamples63,hsamples63@github.com,Male,Research and Development,"€2691,11"
221,Tiphani Hampshaw,thampshaw64,thampshaw64@goodreads.com,Female,Services,"€1981,70"
222,Kurtis Sanbrooke,ksanbrooke65,ksanbrooke65@deliciousdays.com,Male,Legal,"€2538,80"
223,Chick Callcott,ccallcott66,ccallcott66@tripadvisor.com,Male,Human Resources,"€1778,02"
224,Em Easterbrook,eeasterbrook67,eeasterbrook67@booking.com,Male,Human Resources,"€2603,04"
225,Tamarah Nabarro,tnabarro68,tnabarro68@discovery.com,Female,Support,"€2391,89"
226,Gardie Michelle,gmichelle69,gmichelle69@4shared.com,Male,Engineering,"€1690,77"
227,Lira Brotheridge,lbrotheridge6a,lbrotheridge6a@netvibes.com,Female,Marketing,"€2975,05"
228,Orion Caudell,ocaudell6b,ocaudell6b@ox.ac.uk,Male,Accounting,"€2676,07"
229,Inglis Malitrott,imalitrott6c,imalitrott6c@ezinearticles.com,Male,Services,"€2031,08"
230,Daisi Schettini,dschettini6d,dschettini6d@hp.com,Female,Human Resources,"€2479,76"
231,Clim Sancto,csancto6e,csancto6e@hud.gov,Male,Human Resources,"€2962,79"
232,Anastassia Westcar,awestcar6f,awestcar6f@mysql.com,Female,Engineering,"€2583,23"
233,Nat Jermyn,njermyn6g,njermyn6g@ibm.com,Male,Product Management,"€2581,99"
234,Godfry Carik,gcarik6h,gcarik6h@admin.ch,Male,Engineering,"€1995,35"
235,Bertina Redmond,bredmond6i,bredmond6i@live.com,Female,Sales,"€1963,33"
236,Say Stiff,sstiff6j,sstiff6j@telegraph.co.uk,Male,Marketing,"€2431,87"
237,Pebrook Rance,prance6k,prance6k@issuu.com,Male,Support,"€2389,76"
238,Ellette Rodenborch,erodenborch6l,erodenborch6l@abc.net.au,Female,Research and Development,"€1661,52"
239,Randell Kobierzycki,rkobierzycki6m,rkobierzycki6m@prweb.com,Male,Marketing,"€2352,17"
240,Enid Wedgbrow,ewedgbrow6n,ewedgbrow6n@engadget.com,Female,Research and Development,"€2732,62"
241,Jyoti Kermath,jkermath6o,jkermath6o@illinois.edu,Female,Sales,"€1552,54"
242,Cary Chmarny,cchmarny6p,cchmarny6p@blogtalkradio.com,Male,Human Resources,"€1557,59"
243,Isidro Wimmers,iwimmers6q,iwimmers6q@theguardian.com,Male,Sales,"€2168,30"
244,Mag Bidewell,mbidewell6r,mbidewell6r@virginia.edu,Female,Research and Development,"€2746,56"
245,Juliet Jimson,jjimson6s,jjimson6s@npr.org,Female,Legal,"€1977,87"
246,Lettie Ruperti,lruperti6t,lruperti6t@instagram.com,Female,Marketing,"€1964,59"
247,Harry Charlesworth,hcharlesworth6u,hcharlesworth6u@nbcnews.com,Male,Support,"€2585,34"
248,Krystle Grzegorczyk,kgrzegorczyk6v,kgrzegorczyk6v@youtu.be,Female,Research and Development,"€2032,09"
249,Hamil Churm,hchurm6w,hchurm6w@apache.org,Male,Legal,"€2629,94"
250,Sileas Tritton,stritton6x,stritton6x@usda.gov,Female,Product Management,"€1942,47"
251,Willey Parsonson,wparsonson6y,wparsonson6y@answers.com,Male,Marketing,"€2847,20"
252,Judy Olner,jolner6z,jolner6z@posterous.com,Female,Engineering,"€2640,48"
253,Fred Dike,fdike70,fdike70@europa.eu,Female,Business Development,"€1600,45"
254,Leonard Rosten,lrosten71,lrosten71@blogtalkradio.com,Male,Services,"€2380,50"
255,Arturo Shevlan,ashevlan72,ashevlan72@google.ca,Male,Services,"€2613,30"
256,Aubrie Bernardin,abernardin73,abernardin73@github.com,Female,Product Management,"€2349,86"
257,Keir Kellett,kkellett74,kkellett74@latimes.com,Male,Legal,"€2486,87"
258,Lou Snaddon,lsnaddon75,lsnaddon75@weather.com,Male,Research and Development,"€2722,70"
259,Karl Shapland,kshapland76,kshapland76@digg.com,Male,Training,"€2254,77"
260,Jacinthe De Wolfe,jde77,jde77@so-net.ne.jp,Female,Support,"€2173,25"
261,Ernestine Fairrie,efairrie78,efairrie78@seesaa.net,Female,Product Management,"€2485,48"
262,Christie Radish,cradish79,cradish79@ow.ly,Female,Training,"€2127,53"
263,Erroll Longhi,elonghi7a,elonghi7a@twitter.com,Male,Research and Development,"€2435,85"
264,West Ripping,wripping7b,wripping7b@guardian.co.uk,Male,Engineering,"€2248,96"
265,Ignatius Moules,imoules7c,imoules7c@trellian.com,Male,Legal,"€1769,57"
266,Nilson Eadon,neadon7d,neadon7d@imageshack.us,Male,Marketing,"€2461,45"
267,Zacharias Tonnesen,ztonnesen7e,ztonnesen7e@si.edu,Male,Services,"€2288,70"
268,Lotty Malcher,lmalcher7f,lmalcher7f@istockphoto.com,Female,Services,"€2566,63"
269,Ursuline Yukhnini,uyukhnini7g,uyukhnini7g@woothemes.com,Female,Business Development,"€2106,22"
270,Beverlie Ettles,bettles7h,bettles7h@ucla.edu,Female,Legal,"€1767,71"
271,Henrieta Steels,hsteels7i,hsteels7i@bravesites.com,Female,Human Resources,"€1884,64"
272,Taddeusz Mylchreest,tmylchreest7j,tmylchreest7j@ft.com,Male,Research and Development,"€2920,40"
273,Hubie Ding,hding7k,hding7k@pbs.org,Male,Training,"€2144,72"
274,Thorny Luckman,tluckman7l,tluckman7l@sourceforge.net,Male,Business Development,"€2706,85"
275,Ulrich Ellacombe,uellacombe7m,uellacombe7m@spiegel.de,Male,Research and Development,"€1894,01"
276,Edith Mumbeson,emumbeson7n,emumbeson7n@theatlantic.com,Female,Accounting,"€2039,25"
277,Birdie Duthie,bduthie7o,bduthie7o@google.it,Female,Marketing,"€1819,56"
278,Jyoti Dowber,jdowber7p,jdowber7p@t-online.de,Female,Legal,"€2889,12"
279,Eddy Spacey,espacey7q,espacey7q@hugedomains.com,Female,Engineering,"€1871,77"
280,Davon Barkess,dbarkess7r,dbarkess7r@topsy.com,Male,Product Management,"€1713,49"
281,Scott Bawle,sbawle7s,sbawle7s@newsvine.com,Male,Product Management,"€2328,38"
282,Reinaldo Arnoud,rarnoud7t,rarnoud7t@youku.com,Male,Services,"€1553,91"
283,Antons Hilley,ahilley7u,ahilley7u@washington.edu,Male,Training,"€2025,50"
284,Lanae Fearns,lfearns7v,lfearns7v@nymag.com,Female,Human Resources,"€1640,39"
285,Lianna Bonnet,lbonnet7w,lbonnet7w@artisteer.com,Female,Research and Development,"€1826,14"
286,Monty Hallex,mhallex7x,mhallex7x@delicious.com,Male,Accounting,"€2000,53"
287,Jannelle Craigs,jcraigs7y,jcraigs7y@wunderground.com,Female,Business Development,"€2285,39"
288,Ulrica Divis,udivis7z,udivis7z@apple.com,Female,Sales,"€2871,07"
289,Marthe Sales,msales80,msales80@liveinternet.ru,Female,Product Management,"€2718,26"
290,Packston Healings,phealings81,phealings81@jiathis.com,Male,Product Management,"€2886,91"
291,Dot Paulack,dpaulack82,dpaulack82@unc.edu,Female,Legal,"€2342,49"
292,Chicky Piotrowski,cpiotrowski83,cpiotrowski83@infoseek.co.jp,Female,Business Development,"€2150,66"
293,Cristiano Ottewill,cottewill84,cottewill84@mlb.com,Male,Training,"€1544,74"
294,Friedrick Southall,fsouthall85,fsouthall85@geocities.com,Male,Training,"€2078,51"
295,Lurlene Crombleholme,lcrombleholme86,lcrombleholme86@ucoz.com,Female,Accounting,"€1895,54"
296,Holt Abbatt,habbatt87,habbatt87@nyu.edu,Male,Research and Development,"€2464,56"
297,Aylmer Copestake,acopestake88,acopestake88@ebay.com,Male,Human Resources,"€2458,51"
298,Drona Dawltrey,ddawltrey89,ddawltrey89@mit.edu,Female,Services,"€2526,10"
299,Johannes Packham,jpackham8a,jpackham8a@cnn.com,Male,Product Management,"€2208,38"
300,Geoffrey Tregona,gtregona8b,gtregona8b@latimes.com,Male,Sales,"€1833,64"
301,Catharina Humber,chumber8c,chumber8c@springer.com,Female,Marketing,"€2500,57"
302,Vitia Gretton,vgretton8d,vgretton8d@diigo.com,Female,Support,"€1883,72"
303,Nat Hagger,nhagger8e,nhagger8e@samsung.com,Female,Training,"€2717,33"
304,Vern Scotney,vscotney8f,vscotney8f@ocn.ne.jp,Male,Marketing,"€2029,68"
305,Roberto Baggalley,rbaggalley8g,rbaggalley8g@mozilla.com,Male,Human Resources,"€2373,94"
306,Edyth Nancekivell,enancekivell8h,enancekivell8h@omniture.com,Female,Support,"€1633,58"
307,Rochette Towhey,rtowhey8i,rtowhey8i@sfgate.com,Female,Training,"€1646,48"
308,Tedie Ainley,tainley8j,tainley8j@noaa.gov,Male,Human Resources,"€1679,11"
309,Gus Holbury,gholbury8k,gholbury8k@networkadvertising.org,Male,Research and Development,"€2552,13"
310,Silvan Cudde,scudde8l,scudde8l@1und1.de,Male,Research and Development,"€2454,69"
311,Storm Fenck,sfenck8m,sfenck8m@yellowbook.com,Female,Legal,"€2638,04"
312,Romeo Jollands,rjollands8n,rjollands8n@homestead.com,Male,Services,"€2899,45"
313,Rosita Blackbourn,rblackbourn8o,rblackbourn8o@cdbaby.com,Female,Product Management,"€2327,30"
314,Justen Tregaskis,jtregaskis8p,jtregaskis8p@desdev.cn,Male,Legal,"€2851,14"
315,Roselia Warfield,rwarfield8q,rwarfield8q@yale.edu,Female,Marketing,"€2306,71"
316,Bertram Palke,bpalke8r,bpalke8r@surveymonkey.com,Male,Sales,"€2937,38"
317,Artemis Scroxton,ascroxton8s,ascroxton8s@dell.com,Male,Accounting,"€2540,54"
318,Pebrook De Paepe,pde8t,pde8t@sina.com.cn,Male,Research and Development,"€2894,45"
319,Lia Jeune,ljeune8u,ljeune8u@mysql.com,Female,Accounting,"€2030,92"
320,Vonni Dowsett,vdowsett8v,vdowsett8v@discuz.net,Female,Human Resources,"€1920,93"
321,Sigismundo Mattheis,smattheis8w,smattheis8w@toplist.cz,Male,Sales,"€1655,11"
322,Siward Scough,sscough8x,sscough8x@ucla.edu,Male,Sales,"€2704,18"
323,Albie Spreull,aspreull8y,aspreull8y@amazon.co.uk,Male,Engineering,"€2667,24"
324,Kayne Klemenz,kklemenz8z,kklemenz8z@chron.com,Male,Engineering,"€2300,48"
325,Jimmie Giraudoux,jgiraudoux90,jgiraudoux90@com.com,Male,Business Development,"€1506,65"
326,Chadd Conws,cconws91,cconws91@yelp.com,Male,Marketing,"€2108,99"
327,Florencia Geane,fgeane92,fgeane92@about.me,Female,Services,"€2241,88"
328,Kiersten Castanares,kcastanares93,kcastanares93@harvard.edu,Female,Research and Development,"€2216,38"
329,Hewe David,hdavid94,hdavid94@flickr.com,Male,Accounting,"€1987,01"
330,Andrey O'Hartigan,aohartigan95,aohartigan95@comsenz.com,Male,Research and Development,"€2500,95"
331,Gavan Korpolak,gkorpolak96,gkorpolak96@e-recht24.de,Male,Training,"€1517,28"
332,Gerri Allsopp,gallsopp97,gallsopp97@home.pl,Male,Support,"€2713,60"
333,Krysta Gerald,kgerald98,kgerald98@qq.com,Female,Accounting,"€2647,27"
334,Arlene O'Dowling,aodowling99,aodowling99@icq.com,Female,Product Management,"€2929,42"
335,Hernando Rogerson,hrogerson9a,hrogerson9a@furl.net,Male,Engineering,"€1779,32"
336,Thaine Klimpke,tklimpke9b,tklimpke9b@webnode.com,Male,Marketing,"€2220,62"
337,Pier Klimaszewski,pklimaszewski9c,pklimaszewski9c@yale.edu,Female,Engineering,"€1535,46"
338,Loralie Kilshall,lkilshall9d,lkilshall9d@msn.com,Female,Marketing,"€2914,34"
339,Job Dioniso,jdioniso9e,jdioniso9e@uiuc.edu,Male,Legal,"€2986,93"
340,Kiel Heindle,kheindle9f,kheindle9f@yahoo.co.jp,Male,Support,"€1595,02"
341,Floria Rainforth,frainforth9g,frainforth9g@alexa.com,Female,Accounting,"€2893,31"
342,Mar Skillanders,mskillanders9h,mskillanders9h@wufoo.com,Male,Accounting,"€2728,63"
343,Wilbert D'Agostino,wdagostino9i,wdagostino9i@upenn.edu,Male,Support,"€2363,90"
344,Miriam Buntin,mbuntin9j,mbuntin9j@auda.org.au,Female,Research and Development,"€2478,21"
345,Anet Swetmore,aswetmore9k,aswetmore9k@cafepress.com,Female,Sales,"€1890,40"
346,Bartholomew Seacroft,bseacroft9l,bseacroft9l@cisco.com,Male,Product Management,"€2415,22"
347,Filippa Crus,fcrus9m,fcrus9m@opera.com,Female,Services,"€1625,79"
348,Chen Brackenbury,cbrackenbury9n,cbrackenbury9n@macromedia.com,Male,Engineering,"€2487,41"
349,Ximenez Alberti,xalberti9o,xalberti9o@jiathis.com,Male,Services,"€2189,85"
350,Hewitt Lautie,hlautie9p,hlautie9p@blogspot.com,Male,Support,"€2963,25"
351,Spense Mityakov,smityakov9q,smityakov9q@home.pl,Male,Business Development,"€2770,09"
352,Flin Adey,fadey9r,fadey9r@webmd.com,Male,Marketing,"€2336,58"
353,Hedy Beatens,hbeatens9s,hbeatens9s@usda.gov,Female,Engineering,"€1964,98"
354,Terrie Ilchuk,tilchuk9t,tilchuk9t@tuttocitta.it,Female,Training,"€2317,46"
355,Ranna Twentyman,rtwentyman9u,rtwentyman9u@nih.gov,Female,Research and Development,"€1734,72"
356,Dimitri Truwert,dtruwert9v,dtruwert9v@merriam-webster.com,Male,Product Management,"€1785,02"
357,Brand Frediani,bfrediani9w,bfrediani9w@arizona.edu,Male,Training,"€1860,95"
358,Mirelle Svanini,msvanini9x,msvanini9x@diigo.com,Female,Research and Development,"€2373,75"
359,Rodolphe Thecham,rthecham9y,rthecham9y@who.int,Male,Research and Development,"€2182,98"
360,Beilul Olivella,bolivella9z,bolivella9z@sakura.ne.jp,Female,Sales,"€2207,40"
361,Micheil Getten,mgettena0,mgettena0@drupal.org,Male,Human Resources,"€2369,88"
362,Steffen Ogle,soglea1,soglea1@wp.com,Male,Engineering,"€2679,85"
363,Adrien Fernandes,afernandesa2,afernandesa2@vistaprint.com,Male,Legal,"€1935,65"
364,Dodie Wincer,dwincera3,dwincera3@guardian.co.uk,Female,Accounting,"€2702,02"
365,Denise Mouatt,dmouatta4,dmouatta4@tumblr.com,Female,Support,"€2333,14"
366,Rachel Calleja,rcallejaa5,rcallejaa5@wordpress.com,Female,Business Development,"€2217,47"
367,Nikos Vasilyevski,nvasilyevskia6,nvasilyevskia6@qq.com,Male,Human Resources,"€1752,41"
368,Annalise Roly,arolya7,arolya7@aboutads.info,Female,Training,"€2844,96"
369,Dannye Atkins,datkinsa8,datkinsa8@ustream.tv,Female,Research and Development,"€1995,13"
370,Dexter Manford,dmanforda9,dmanforda9@domainmarket.com,Male,Sales,"€2196,87"
371,Zacharias Cholonin,zcholoninaa,zcholoninaa@pinterest.com,Male,Marketing,"€1984,69"
372,Pia Lorence,plorenceab,plorenceab@multiply.com,Female,Legal,"€1811,38"
373,Karla Hallet,khalletac,khalletac@cbslocal.com,Female,Training,"€2230,42"
374,Verna Hares,vharesad,vharesad@devhub.com,Female,Support,"€2660,36"
375,Lonnard Heaviside,lheavisideae,lheavisideae@dell.com,Male,Marketing,"€2671,31"
376,Johann Ridgewell,jridgewellaf,jridgewellaf@nps.gov,Male,Support,"€1799,36"
377,Brendis de Pinna,bdeag,bdeag@g.co,Male,Sales,"€2174,11"
378,Donnell Hartman,dhartmanah,dhartmanah@devhub.com,Male,Sales,"€2288,14"
379,Rodrick Ensten,renstenai,renstenai@trellian.com,Male,Engineering,"€2551,73"
380,Maxy Probetts,mprobettsaj,mprobettsaj@boston.com,Male,Marketing,"€2745,01"
381,Glynis Cooksey,gcookseyak,gcookseyak@51.la,Female,Engineering,"€2856,72"
382,Dulsea Doey,ddoeyal,ddoeyal@cnn.com,Female,Support,"€2226,49"
383,Jo-anne Rennles,jrennlesam,jrennlesam@npr.org,Female,Support,"€2366,29"
384,Alfonso Pelcheur,apelcheuran,apelcheuran@weather.com,Male,Marketing,"€2158,92"
385,Rutledge Listone,rlistoneao,rlistoneao@youtu.be,Male,Support,"€2858,53"
386,Kara-lynn Sneath,ksneathap,ksneathap@spiegel.de,Female,Human Resources,"€1913,85"
387,Trisha MacGall,tmacgallaq,tmacgallaq@soup.io,Female,Training,"€2190,94"
388,Wilton Honniebal,whonniebalar,whonniebalar@fema.gov,Male,Sales,"€2849,65"
389,Staffard Kanzler,skanzleras,skanzleras@networkadvertising.org,Male,Services,"€1981,17"
390,Jacquelyn Surcomb,jsurcombat,jsurcombat@soup.io,Female,Business Development,"€2920,23"
391,Sammie Geistbeck,sgeistbeckau,sgeistbeckau@blogger.com,Male,Services,"€2980,31"
392,Benjamin Killigrew,bkilligrewav,bkilligrewav@devhub.com,Male,Training,"€2086,81"
393,Alister Claxton,aclaxtonaw,aclaxtonaw@printfriendly.com,Male,Product Management,"€1631,45"
394,Damara Schruur,dschruurax,dschruurax@reuters.com,Female,Accounting,"€2281,29"
395,Chilton Baldung,cbaldungay,cbaldungay@webs.com,Male,Services,"€2559,59"
396,Yehudit O'Garmen,yogarmenaz,yogarmenaz@nymag.com,Male,Accounting,"€2941,31"
397,Mignon Rubinsky,mrubinskyb0,mrubinskyb0@quantcast.com,Female,Human Resources,"€2859,47"
398,Gustavus Barrabeale,gbarrabealeb1,gbarrabealeb1@abc.net.au,Male,Research and Development,"€1721,91"
399,Artur Cruz,acruzb2,acruzb2@slashdot.org,Male,Sales,"€2613,17"
400,Maudie Richardes,mrichardesb3,mrichardesb3@php.net,Female,Sales,"€2868,32"
401,Malinda Elkington,melkingtonb4,melkingtonb4@huffingtonpost.com,Female,Engineering,"€2976,53"
402,Gaynor Moorhouse,gmoorhouseb5,gmoorhouseb5@slashdot.org,Female,Sales,"€1920,60"
403,Conrade Skitral,cskitralb6,cskitralb6@weather.com,Male,Services,"€1692,75"
404,Tera Thams,tthamsb7,tthamsb7@google.it,Female,Business Development,"€1708,66"
405,Alick Edmonston,aedmonstonb8,aedmonstonb8@drupal.org,Male,Support,"€2948,28"
406,Matty Wallbutton,mwallbuttonb9,mwallbuttonb9@dagondesign.com,Male,Accounting,"€1639,28"
407,Lesya Pagen,lpagenba,lpagenba@taobao.com,Female,Support,"€2749,85"
408,Andy Vaughan,avaughanbb,avaughanbb@ning.com,Male,Accounting,"€2305,08"
409,Charlotta Kiddell,ckiddellbc,ckiddellbc@dagondesign.com,Female,Services,"€2864,49"
410,Dorthea Gipp,dgippbd,dgippbd@hugedomains.com,Female,Marketing,"€1621,38"
411,Colin Mathes,cmathesbe,cmathesbe@europa.eu,Male,Human Resources,"€2922,21"
412,Giselbert Crouch,gcrouchbf,gcrouchbf@japanpost.jp,Male,Engineering,"€1672,16"
413,Renelle Herries,rherriesbg,rherriesbg@acquirethisname.com,Female,Human Resources,"€2231,47"
414,Claudell Peevor,cpeevorbh,cpeevorbh@alexa.com,Male,Training,"€2442,36"
415,Hector Woodruff,hwoodruffbi,hwoodruffbi@cdc.gov,Male,Marketing,"€2307,80"
416,Smith Vedeshkin,svedeshkinbj,svedeshkinbj@ca.gov,Male,Accounting,"€2495,58"
417,Petr Berge,pbergebk,pbergebk@etsy.com,Male,Support,"€2670,26"
418,Berk Emmins,bemminsbl,bemminsbl@e-recht24.de,Male,Business Development,"€1556,27"
419,Marisa Bettinson,mbettinsonbm,mbettinsonbm@1und1.de,Female,Product Management,"€1860,84"
420,Penrod Treamayne,ptreamaynebn,ptreamaynebn@merriam-webster.com,Male,Marketing,"€2035,14"
421,Jefferson Ghilardini,jghilardinibo,jghilardinibo@gnu.org,Male,Research and Development,"€2609,73"
422,Keriann Jerrom,kjerrombp,kjerrombp@drupal.org,Female,Engineering,"€1559,23"
423,Aurea Tibols,atibolsbq,atibolsbq@huffingtonpost.com,Female,Support,"€2978,99"
424,Calvin Font,cfontbr,cfontbr@networksolutions.com,Male,Marketing,"€1873,55"
425,Valry Pavett,vpavettbs,vpavettbs@privacy.gov.au,Female,Human Resources,"€1736,94"
426,Windy Underdown,wunderdownbt,wunderdownbt@dagondesign.com,Female,Marketing,"€2072,05"
427,Jasmina Leeke,jleekebu,jleekebu@paypal.com,Female,Engineering,"€2509,65"
428,Saul Alden,saldenbv,saldenbv@nymag.com,Male,Research and Development,"€2624,24"
429,Lindsey Yuryaev,lyuryaevbw,lyuryaevbw@npr.org,Female,Product Management,"€2238,61"
430,Alie Flatt,aflattbx,aflattbx@twitter.com,Female,Product Management,"€2707,77"
431,Sumner Verrillo,sverrilloby,sverrilloby@hhs.gov,Male,Research and Development,"€2692,39"
432,Niles Spargo,nspargobz,nspargobz@bigcartel.com,Male,Sales,"€2688,90"
433,Myrna Ravilious,mraviliousc0,mraviliousc0@tumblr.com,Female,Training,"€2262,11"
434,Stirling Cattanach,scattanachc1,scattanachc1@hp.com,Male,Legal,"€2719,67"
435,Prent Chesser,pchesserc2,pchesserc2@wisc.edu,Male,Engineering,"€2477,74"
436,Tanhya Rigge,triggec3,triggec3@symantec.com,Female,Sales,"€2683,99"
437,Tracy Tampion,ttampionc4,ttampionc4@marriott.com,Male,Product Management,"€2827,79"
438,Marlow Tod,mtodc5,mtodc5@ustream.tv,Male,Support,"€2077,01"
439,Karalynn Schimmang,kschimmangc6,kschimmangc6@ucoz.ru,Female,Marketing,"€2545,45"
440,Viviana Broggelli,vbroggellic7,vbroggellic7@about.com,Female,Engineering,"€2472,43"
441,Janela Janning,jjanningc8,jjanningc8@photobucket.com,Female,Human Resources,"€1792,95"
442,Genvieve Spandley,gspandleyc9,gspandleyc9@usatoday.com,Female,Human Resources,"€1933,04"
443,Rodolph Switsur,rswitsurca,rswitsurca@scribd.com,Male,Legal,"€1566,84"
444,Devondra Jeandet,djeandetcb,djeandetcb@who.int,Female,Training,"€2202,42"
445,Katie Trathen,ktrathencc,ktrathencc@issuu.com,Female,Accounting,"€1782,17"
446,Bathsheba Radish,bradishcd,bradishcd@howstuffworks.com,Female,Support,"€1962,04"
447,Kinna Mallalieu,kmallalieuce,kmallalieuce@github.com,Female,Sales,"€2781,56"
448,Nydia Bignal,nbignalcf,nbignalcf@ca.gov,Female,Training,"€1654,00"
449,Murielle McCully,mmccullycg,mmccullycg@fc2.com,Female,Accounting,"€2339,00"
450,Redd Skillitt,rskillittch,rskillittch@bluehost.com,Male,Business Development,"€1550,33"
451,Kaiser Rosenfield,krosenfieldci,krosenfieldci@army.mil,Male,Engineering,"€1626,24"
452,Casey Hansford,chansfordcj,chansfordcj@canalblog.com,Male,Support,"€2692,49"
453,Brig Stiffell,bstiffellck,bstiffellck@biblegateway.com,Male,Research and Development,"€2835,44"
454,Deva Bagenal,dbagenalcl,dbagenalcl@blog.com,Female,Marketing,"€2726,18"
455,Fayth Venney,fvenneycm,fvenneycm@clickbank.net,Female,Accounting,"€2253,47"
456,Ferrell Frankes,ffrankescn,ffrankescn@shutterfly.com,Male,Support,"€1758,18"
457,Amberly Jaffa,ajaffaco,ajaffaco@vk.com,Female,Marketing,"€2299,19"
458,Karlen Newis,knewiscp,knewiscp@e-recht24.de,Female,Marketing,"€2340,01"
459,Emelyne Greensted,egreenstedcq,egreenstedcq@sun.com,Female,Human Resources,"€2023,42"
460,Bernita Gration,bgrationcr,bgrationcr@blogger.com,Female,Engineering,"€2509,37"
461,Tawsha Muggleton,tmuggletoncs,tmuggletoncs@godaddy.com,Female,Research and Development,"€2925,31"
462,Emalee Harrower,eharrowerct,eharrowerct@engadget.com,Female,Support,"€2642,12"
463,Emera Bolin,ebolincu,ebolincu@wikipedia.org,Female,Training,"€2199,85"
464,Siobhan Bucher,sbuchercv,sbuchercv@slate.com,Female,Services,"€2995,14"
465,Iosep Ferrillio,iferrilliocw,iferrilliocw@prnewswire.com,Male,Product Management,"€1705,39"
466,Veriee Cossum,vcossumcx,vcossumcx@printfriendly.com,Female,Business Development,"€1588,93"
467,Wendy Espinos,wespinoscy,wespinoscy@plala.or.jp,Female,Product Management,"€2981,76"
468,Ludovico Aymerich,laymerichcz,laymerichcz@weebly.com,Male,Business Development,"€1984,87"
469,Elsy Lithgow,elithgowd0,elithgowd0@sakura.ne.jp,Female,Product Management,"€2401,74"
470,Dianemarie Bladesmith,dbladesmithd1,dbladesmithd1@ucsd.edu,Female,Accounting,"€2881,35"
471,Brier Laugier,blaugierd2,blaugierd2@altervista.org,Female,Human Resources,"€1618,36"
472,Saidee McKelvey,smckelveyd3,smckelveyd3@meetup.com,Female,Support,"€2129,31"
473,Jeanelle Belsey,jbelseyd4,jbelseyd4@twitter.com,Female,Marketing,"€2499,87"
474,Glori Cheek,gcheekd5,gcheekd5@uol.com.br,Female,Accounting,"€2101,11"
475,Adah Craigheid,acraigheidd6,acraigheidd6@lycos.com,Female,Marketing,"€2209,00"
476,Umberto de Bullion,uded7,uded7@slideshare.net,Male,Human Resources,"€2441,08"
477,Leland Feckey,lfeckeyd8,lfeckeyd8@skype.com,Male,Research and Development,"€2223,89"
478,Tierney Slocket,tslocketd9,tslocketd9@earthlink.net,Female,Training,"€2037,74"
479,Vally Paulitschke,vpaulitschkeda,vpaulitschkeda@nbcnews.com,Female,Training,"€1585,39"
480,Bobbie Petkovic,bpetkovicdb,bpetkovicdb@booking.com,Male,Human Resources,"€2169,61"
481,Hedwig Bottomer,hbottomerdc,hbottomerdc@twitpic.com,Female,Business Development,"€2849,91"
482,Rozele Lakenden,rlakendendd,rlakendendd@qq.com,Female,Training,"€2583,32"
483,Lulu Garr,lgarrde,lgarrde@pagesperso-orange.fr,Female,Training,"€1642,36"
484,Sholom Biddlestone,sbiddlestonedf,sbiddlestonedf@nih.gov,Male,Training,"€1672,26"
485,Baryram Strong,bstrongdg,bstrongdg@hubpages.com,Male,Research and Development,"€1771,02"
486,Jillian Adamovitz,jadamovitzdh,jadamovitzdh@techcrunch.com,Female,Support,"€1878,05"
487,Eloise Kenwood,ekenwooddi,ekenwooddi@mac.com,Female,Support,"€2338,56"
488,Gretna Hinkensen,ghinkensendj,ghinkensendj@google.es,Female,Support,"€2847,33"
489,Jamie Niesegen,jniesegendk,jniesegendk@posterous.com,Male,Marketing,"€2343,18"
490,Rey Duddin,rduddindl,rduddindl@ibm.com,Male,Accounting,"€2205,10"
491,Mariquilla Girdler,mgirdlerdm,mgirdlerdm@soup.io,Female,Research and Development,"€1526,78"
492,Giorgia Hanby,ghanbydn,ghanbydn@macromedia.com,Female,Accounting,"€2051,95"
493,Goldie Bresner,gbresnerdo,gbresnerdo@php.net,Female,Engineering,"€2594,58"
494,Tedda Maynard,tmaynarddp,tmaynarddp@stanford.edu,Female,Accounting,"€2452,39"
495,Patrica Blazewski,pblazewskidq,pblazewskidq@lycos.com,Female,Legal,"€2362,65"
496,Kimbra Iannello,kiannellodr,kiannellodr@samsung.com,Female,Human Resources,"€2734,58"
497,Kean McCaskell,kmccaskellds,kmccaskellds@nhs.uk,Male,Product Management,"€1707,53"
498,Sullivan Beebis,sbeebisdt,sbeebisdt@huffingtonpost.com,Male,Business Development,"€1730,29"
499,Paula MacDiarmond,pmacdiarmonddu,pmacdiarmonddu@flickr.com,Female,Marketing,"€2324,09"
500,Fitz Fiddeman,ffiddemandv,ffiddemandv@slideshare.net,Male,Human Resources,"€1711,38"
501,Hamish Withnall,hwithnalldw,hwithnalldw@phoca.cz,Male,Legal,"€2065,02"
502,Honey Weedenburg,hweedenburgdx,hweedenburgdx@imgur.com,Female,Business Development,"€2871,00"
503,Gates Chaddock,gchaddockdy,gchaddockdy@earthlink.net,Female,Product Management,"€1614,84"
504,Yuri Fawckner,yfawcknerdz,yfawcknerdz@google.com.hk,Male,Training,"€2904,42"
505,Elyssa Rosander,erosandere0,erosandere0@xinhuanet.com,Female,Training,"€2045,80"
506,Johnathon Uccelli,juccellie1,juccellie1@theatlantic.com,Male,Human Resources,"€2706,33"
507,Arlin Heisman,aheismane2,aheismane2@jugem.jp,Male,Research and Development,"€2986,95"
508,Saraann Neilus,sneiluse3,sneiluse3@wired.com,Female,Support,"€1905,11"
509,Wayland Peegrem,wpeegreme4,wpeegreme4@blogspot.com,Male,Research and Development,"€2530,95"
510,Randal Brear,rbreare5,rbreare5@examiner.com,Male,Training,"€1793,91"
511,Gill Jewson,gjewsone6,gjewsone6@npr.org,Male,Engineering,"€2861,00"
512,Quill Rowlin,qrowline7,qrowline7@google.it,Male,Accounting,"€2899,11"
513,Ofilia Franceschelli,ofranceschellie8,ofranceschellie8@phoca.cz,Female,Human Resources,"€2657,43"
514,Reggi Scarfe,rscarfee9,rscarfee9@dion.ne.jp,Female,Human Resources,"€1551,81"
515,Sabine McEniry,smceniryea,smceniryea@cnn.com,Female,Services,"€2430,35"
516,Nikki O'Sheerin,nosheerineb,nosheerineb@printfriendly.com,Male,Sales,"€2925,69"
517,Jeanie Gilfillan,jgilfillanec,jgilfillanec@tiny.cc,Female,Legal,"€2508,75"
518,Clerkclaude Ventham,cventhamed,cventhamed@wsj.com,Male,Business Development,"€1800,46"
519,Elnora Breslau,ebreslauee,ebreslauee@sohu.com,Female,Engineering,"€2140,56"
520,Jsandye Tregoning,jtregoningef,jtregoningef@quantcast.com,Female,Legal,"€2780,68"
521,Nathalia Shepard,nshepardeg,nshepardeg@1688.com,Female,Engineering,"€2970,64"
522,Letizia Marl,lmarleh,lmarleh@pagesperso-orange.fr,Female,Accounting,"€2410,69"
523,Emmie Angove,eangoveei,eangoveei@hhs.gov,Female,Support,"€1985,35"
524,Pietra Ciccottini,pciccottiniej,pciccottiniej@eventbrite.com,Female,Marketing,"€2954,58"
525,Zora Rosendahl,zrosendahlek,zrosendahlek@theguardian.com,Female,Training,"€2132,37"
526,Solomon D'Arrigo,sdarrigoel,sdarrigoel@cam.ac.uk,Male,Support,"€1526,17"
527,Myrta Beaze,mbeazeem,mbeazeem@salon.com,Female,Research and Development,"€1842,95"
528,Alexa Wattins,awattinsen,awattinsen@oaic.gov.au,Female,Engineering,"€2134,88"
529,Donni Roskrug,droskrugeo,droskrugeo@comcast.net,Female,Business Development,"€2132,02"
530,Franky Lomond,flomondep,flomondep@blogspot.com,Female,Research and Development,"€2014,37"
531,Dolph Scone,dsconeeq,dsconeeq@unesco.org,Male,Human Resources,"€1505,62"
532,Cally Maplesden,cmaplesdener,cmaplesdener@bbc.co.uk,Female,Support,"€1973,16"
533,Tory Diloway,tdilowayes,tdilowayes@europa.eu,Female,Support,"€1517,52"
534,Ludwig Tombs,ltombset,ltombset@yale.edu,Male,Marketing,"€2514,54"
535,Kincaid Davidson,kdavidsoneu,kdavidsoneu@live.com,Male,Research and Development,"€1825,82"
536,Shelden Twitchett,stwitchettev,stwitchettev@nasa.gov,Male,Product Management,"€2804,91"
537,Shoshanna Gorrick,sgorrickew,sgorrickew@godaddy.com,Female,Product Management,"€1701,99"
538,Erv Antonovic,eantonovicex,eantonovicex@oaic.gov.au,Male,Research and Development,"€2728,73"
539,Ave Buyers,abuyersey,abuyersey@seesaa.net,Male,Support,"€2624,69"
540,Renie Gregson,rgregsonez,rgregsonez@elpais.com,Female,Engineering,"€1758,57"
541,Elberta Fruchter,efruchterf0,efruchterf0@ftc.gov,Female,Legal,"€2655,45"
542,Emmit Ferrant,eferrantf1,eferrantf1@va.gov,Male,Research and Development,"€1556,86"
543,Marilyn Cardinale,mcardinalef2,mcardinalef2@google.fr,Female,Human Resources,"€2817,53"
544,Hanan Skokoe,hskokoef3,hskokoef3@barnesandnoble.com,Male,Sales,"€2944,32"
545,Winonah Haggis,whaggisf4,whaggisf4@webs.com,Female,Legal,"€1772,93"
546,Dawn Clow,dclowf5,dclowf5@illinois.edu,Female,Services,"€2086,35"
547,Marco Peckham,mpeckhamf6,mpeckhamf6@acquirethisname.com,Male,Services,"€1724,83"
548,Lew MacSherry,lmacsherryf7,lmacsherryf7@nbcnews.com,Male,Marketing,"€1600,39"
549,Rickie Surman-Wells,rsurmanwellsf8,rsurmanwellsf8@fotki.com,Female,Sales,"€2311,10"
550,Lynnett Ashbe,lashbef9,lashbef9@discuz.net,Female,Research and Development,"€1914,41"
551,Priscella Rockhall,prockhallfa,prockhallfa@pcworld.com,Female,Engineering,"€2787,42"
552,Mikey O'Keefe,mokeefefb,mokeefefb@toplist.cz,Male,Support,"€2425,58"
553,Skip Fleetwood,sfleetwoodfc,sfleetwoodfc@google.es,Male,Human Resources,"€2733,03"
554,Shurwood Vedishchev,svedishchevfd,svedishchevfd@arstechnica.com,Male,Business Development,"€2557,66"
555,Kristo Forshaw,kforshawfe,kforshawfe@feedburner.com,Male,Product Management,"€2157,74"
556,Kacie Lanston,klanstonff,klanstonff@people.com.cn,Female,Accounting,"€1871,34"
557,Jolene Kyllford,jkyllfordfg,jkyllfordfg@mayoclinic.com,Female,Product Management,"€1578,20"
558,Alwin Durbyn,adurbynfh,adurbynfh@springer.com,Male,Business Development,"€2386,15"
559,Farlee Weeds,fweedsfi,fweedsfi@lulu.com,Male,Training,"€2654,09"
560,Charlena Allingham,callinghamfj,callinghamfj@apple.com,Female,Product Management,"€2571,24"
561,Madella Kay,mkayfk,mkayfk@hp.com,Female,Legal,"€2900,14"
562,Tamra Banbury,tbanburyfl,tbanburyfl@paginegialle.it,Female,Legal,"€2745,20"
563,Camellia Wealthall,cwealthallfm,cwealthallfm@naver.com,Female,Research and Development,"€2903,38"
564,Giuditta Deveral,gdeveralfn,gdeveralfn@oakley.com,Female,Marketing,"€2557,17"
565,Inge Bouch,ibouchfo,ibouchfo@goo.ne.jp,Female,Training,"€2631,80"
566,Spense Arnfield,sarnfieldfp,sarnfieldfp@earthlink.net,Male,Services,"€2298,51"
567,Dur Merricks,dmerricksfq,dmerricksfq@cnet.com,Male,Services,"€2152,83"
568,Tann Bearman,tbearmanfr,tbearmanfr@devhub.com,Male,Engineering,"€2995,80"
569,Thedric Deetlefs,tdeetlefsfs,tdeetlefsfs@google.de,Male,Support,"€2675,54"
570,Pooh Domek,pdomekft,pdomekft@gnu.org,Male,Services,"€2527,33"
571,Lee Larkby,llarkbyfu,llarkbyfu@w3.org,Male,Sales,"€2037,54"
572,Alberto Nyles,anylesfv,anylesfv@homestead.com,Male,Sales,"€1799,77"
573,Justina Arrighini,jarrighinifw,jarrighinifw@cornell.edu,Female,Business Development,"€2549,01"
574,Dulcy Wetton,dwettonfx,dwettonfx@sina.com.cn,Female,Product Management,"€2027,53"
575,Peyter Oherlihy,poherlihyfy,poherlihyfy@vinaora.com,Male,Research and Development,"€2090,12"
576,Catherin Runham,crunhamfz,crunhamfz@issuu.com,Female,Support,"€2273,61"
577,Cullin Newcombe,cnewcombeg0,cnewcombeg0@meetup.com,Male,Legal,"€1565,14"
578,Sherrie Le Noir,sleg1,sleg1@prnewswire.com,Female,Sales,"€2819,54"
579,Clem Rue,crueg2,crueg2@examiner.com,Male,Engineering,"€1796,12"
580,Dania Milborn,dmilborng3,dmilborng3@lycos.com,Female,Marketing,"€2480,68"
581,Marlie Akess,makessg4,makessg4@youtube.com,Female,Engineering,"€2993,49"
582,Ernst Shouler,eshoulerg5,eshoulerg5@apache.org,Male,Marketing,"€1979,01"
583,Fina Bleiman,fbleimang6,fbleimang6@nba.com,Female,Accounting,"€2877,43"
584,Godfree Jacquet,gjacquetg7,gjacquetg7@ed.gov,Male,Accounting,"€2664,21"
585,Lilyan Attkins,lattkinsg8,lattkinsg8@cdbaby.com,Female,Support,"€2082,81"
586,Derk Ferrieroi,dferrieroig9,dferrieroig9@columbia.edu,Male,Human Resources,"€2425,37"
587,Violetta Larkby,vlarkbyga,vlarkbyga@marketwatch.com,Female,Support,"€1977,76"
588,Diane-marie Gillcrist,dgillcristgb,dgillcristgb@ifeng.com,Female,Training,"€2224,59"
589,Silvia French,sfrenchgc,sfrenchgc@amazon.de,Female,Legal,"€1713,04"
590,Ardyce Lathey,alatheygd,alatheygd@zdnet.com,Female,Human Resources,"€2725,56"
591,Kristofor Rosi,krosige,krosige@quantcast.com,Male,Product Management,"€1860,12"
592,Jonell Carneck,jcarneckgf,jcarneckgf@pbs.org,Female,Sales,"€2882,24"
593,Torr Seabert,tseabertgg,tseabertgg@google.com,Male,Accounting,"€1924,40"
594,Andrew Dalwood,adalwoodgh,adalwoodgh@posterous.com,Male,Services,"€1675,21"
595,Maribel Tuff,mtuffgi,mtuffgi@miitbeian.gov.cn,Female,Services,"€1762,17"
596,Beitris Kinglake,bkinglakegj,bkinglakegj@wp.com,Female,Sales,"€2310,61"
597,Corbett Chelley,cchelleygk,cchelleygk@indiegogo.com,Male,Legal,"€1709,12"
598,Riannon McMackin,rmcmackingl,rmcmackingl@ihg.com,Female,Legal,"€2973,79"
599,Cyrille Wookey,cwookeygm,cwookeygm@baidu.com,Male,Marketing,"€1839,85"
600,Marna Northfield,mnorthfieldgn,mnorthfieldgn@shareasale.com,Female,Engineering,"€1774,20"
601,Theo Godwyn,tgodwyngo,tgodwyngo@engadget.com,Male,Services,"€2940,30"
602,Tibold Kirk,tkirkgp,tkirkgp@forbes.com,Male,Legal,"€1724,04"
603,Raimund Crosen,rcrosengq,rcrosengq@unblog.fr,Male,Accounting,"€2892,40"
604,Melina Round,mroundgr,mroundgr@issuu.com,Female,Legal,"€2163,49"
605,Arabela Fearn,afearngs,afearngs@cornell.edu,Female,Legal,"€2489,68"
606,Oneida Sidary,osidarygt,osidarygt@merriam-webster.com,Female,Support,"€2524,81"
607,Pearl Chataignier,pchataigniergu,pchataigniergu@macromedia.com,Female,Marketing,"€2403,37"
608,Willdon Brunicke,wbrunickegv,wbrunickegv@wikipedia.org,Male,Accounting,"€2590,49"
609,Elysha Adair,eadairgw,eadairgw@1und1.de,Female,Accounting,"€2838,60"
610,Orland Conachie,oconachiegx,oconachiegx@hatena.ne.jp,Male,Research and Development,"€1992,26"
611,Alison Chubb,achubbgy,achubbgy@washingtonpost.com,Female,Training,"€2198,43"
612,Shaine Millett,smillettgz,smillettgz@msn.com,Female,Engineering,"€2668,34"
613,Agretha De Marchi,adeh0,adeh0@1688.com,Female,Marketing,"€1550,35"
614,Ethe Eustes,eeustesh1,eeustesh1@w3.org,Male,Support,"€2806,72"
615,Baryram MacArd,bmacardh2,bmacardh2@myspace.com,Male,Legal,"€2031,71"
616,Wit Alibone,waliboneh3,waliboneh3@wix.com,Male,Business Development,"€2236,43"
617,Callida Feldhammer,cfeldhammerh4,cfeldhammerh4@github.io,Female,Training,"€1900,94"
618,Melosa Mollnar,mmollnarh5,mmollnarh5@apache.org,Female,Legal,"€2392,97"
619,Reece Turfs,rturfsh6,rturfsh6@tripod.com,Male,Training,"€1898,71"
620,Gilberta Vidgen,gvidgenh7,gvidgenh7@sitemeter.com,Female,Product Management,"€2700,09"
621,Katherine Maylard,kmaylardh8,kmaylardh8@blog.com,Female,Research and Development,"€2260,97"
622,Catlee Rosenbush,crosenbushh9,crosenbushh9@google.nl,Female,Sales,"€1825,77"
623,Bertrand Bachman,bbachmanha,bbachmanha@soup.io,Male,Product Management,"€2734,88"
624,Carolus Emsden,cemsdenhb,cemsdenhb@moonfruit.com,Male,Services,"€2148,39"
625,Tad Snelling,tsnellinghc,tsnellinghc@goo.ne.jp,Male,Support,"€1844,34"
626,Berkly Cudd,bcuddhd,bcuddhd@howstuffworks.com,Male,Marketing,"€1966,63"
627,Farrand Ciciura,fciciurahe,fciciurahe@blogtalkradio.com,Female,Accounting,"€2914,39"
628,Arvie Gorden,agordenhf,agordenhf@kickstarter.com,Male,Training,"€2001,76"
629,Jacqui Grigoliis,jgrigoliishg,jgrigoliishg@msn.com,Female,Human Resources,"€2217,95"
630,Willi Stansfield,wstansfieldhh,wstansfieldhh@multiply.com,Male,Research and Development,"€2223,28"
631,Maximilian Quadling,mquadlinghi,mquadlinghi@cafepress.com,Male,Training,"€1773,58"
632,Carlita Schollick,cschollickhj,cschollickhj@ebay.com,Female,Support,"€1949,09"
633,Meade Gilbride,mgilbridehk,mgilbridehk@nbcnews.com,Male,Support,"€2155,72"
634,Tracee McKnockiter,tmcknockiterhl,tmcknockiterhl@topsy.com,Female,Engineering,"€2638,36"
635,Caria Lorie,cloriehm,cloriehm@purevolume.com,Female,Legal,"€2193,18"
636,Lucias Marchenko,lmarchenkohn,lmarchenkohn@g.co,Male,Marketing,"€2666,53"
637,Ralina Bourne,rbourneho,rbourneho@microsoft.com,Female,Accounting,"€2515,81"
638,Charley McNerlin,cmcnerlinhp,cmcnerlinhp@japanpost.jp,Male,Research and Development,"€1783,83"
639,Antonina Woodgate,awoodgatehq,awoodgatehq@slate.com,Female,Training,"€1899,76"
640,Salaidh Balmforth,sbalmforthhr,sbalmforthhr@mit.edu,Female,Business Development,"€1788,71"
641,Nadya Bruntje,nbruntjehs,nbruntjehs@taobao.com,Female,Product Management,"€1854,80"
642,Shandie By,sbyht,sbyht@ameblo.jp,Female,Services,"€2996,88"
643,Ricardo Fogg,rfogghu,rfogghu@amazon.co.uk,Male,Sales,"€2350,97"
644,Krissy Wilcocks,kwilcockshv,kwilcockshv@deviantart.com,Female,Sales,"€1927,12"
645,Nicky MacKean,nmackeanhw,nmackeanhw@lycos.com,Male,Engineering,"€2241,95"
646,Zacharia Barbier,zbarbierhx,zbarbierhx@blogs.com,Male,Sales,"€1956,26"
647,Ardella Sent,asenthy,asenthy@nih.gov,Female,Product Management,"€2894,25"
648,Pearce Dowse,pdowsehz,pdowsehz@opensource.org,Male,Business Development,"€1806,52"
649,Far Petrelli,fpetrellii0,fpetrellii0@etsy.com,Male,Sales,"€1844,62"
650,Samuele Addeycott,saddeycotti1,saddeycotti1@dmoz.org,Male,Training,"€2038,54"
651,Mandie Faye,mfayei2,mfayei2@dmoz.org,Female,Human Resources,"€1976,91"
652,Yurik Pickrill,ypickrilli3,ypickrilli3@dyndns.org,Male,Human Resources,"€2958,44"
653,Flss Niesegen,fniesegeni4,fniesegeni4@sina.com.cn,Female,Services,"€2417,78"
654,Keary Shreve,kshrevei5,kshrevei5@dedecms.com,Male,Support,"€2854,84"
655,Sallyanne Bugdell,sbugdelli6,sbugdelli6@posterous.com,Female,Engineering,"€1977,69"
656,Solomon Lourenco,slourencoi7,slourencoi7@cdbaby.com,Male,Support,"€2246,23"
657,Prudy Bowhey,pbowheyi8,pbowheyi8@wiley.com,Female,Support,"€1595,86"
658,Sibella Connah,sconnahi9,sconnahi9@shinystat.com,Female,Engineering,"€2578,22"
659,Leilah Cleever,lcleeveria,lcleeveria@shareasale.com,Female,Engineering,"€2920,86"
660,Rolando Rogez,rrogezib,rrogezib@nydailynews.com,Male,Business Development,"€2016,92"
661,Claudie Claypoole,cclaypooleic,cclaypooleic@yelp.com,Female,Sales,"€2939,48"
662,Amalie Alchin,aalchinid,aalchinid@live.com,Female,Research and Development,"€2947,47"
663,Leola Izaks,lizaksie,lizaksie@seesaa.net,Female,Services,"€2342,08"
664,Leslie O'Bruen,lobruenif,lobruenif@dmoz.org,Male,Legal,"€2661,86"
665,Ashly Clemmey,aclemmeyig,aclemmeyig@chron.com,Female,Product Management,"€2951,60"
666,Othello Blose,obloseih,obloseih@google.com.br,Male,Services,"€1935,20"
667,Danette Hartshorne,dhartshorneii,dhartshorneii@statcounter.com,Female,Legal,"€2444,56"
668,Elana De Marchi,edeij,edeij@issuu.com,Female,Training,"€1671,21"
669,Filmer Gerritzen,fgerritzenik,fgerritzenik@home.pl,Male,Training,"€2052,37"
670,Israel Sevin,isevinil,isevinil@comcast.net,Male,Support,"€2854,83"
671,Sawyere Tourry,stourryim,stourryim@apple.com,Male,Engineering,"€2603,71"
672,Cordy Stabbins,cstabbinsin,cstabbinsin@addtoany.com,Female,Accounting,"€2667,56"
673,Justinian Van Halen,jvanio,jvanio@globo.com,Male,Research and Development,"€2028,90"
674,Lilllie Johantges,ljohantgesip,ljohantgesip@reddit.com,Female,Human Resources,"€1830,28"
675,Jessamyn Allport,jallportiq,jallportiq@nasa.gov,Female,Marketing,"€2154,50"
676,Kayla L'Homme,klhommeir,klhommeir@instagram.com,Female,Business Development,"€2648,35"
677,Burton Mowbray,bmowbrayis,bmowbrayis@boston.com,Male,Marketing,"€2406,95"
678,Elias Petrusch,epetruschit,epetruschit@telegraph.co.uk,Male,Accounting,"€2547,32"
679,Javier Sedgeman,jsedgemaniu,jsedgemaniu@acquirethisname.com,Male,Services,"€1825,76"
680,Marinna Butterfill,mbutterfilliv,mbutterfilliv@simplemachines.org,Female,Support,"€2902,82"
681,Rudd Wrench,rwrenchiw,rwrenchiw@ow.ly,Male,Training,"€1561,51"
682,Maire Sudy,msudyix,msudyix@w3.org,Female,Marketing,"€2329,64"
683,Willdon Folker,wfolkeriy,wfolkeriy@un.org,Male,Services,"€1782,69"
684,Will Orts,wortsiz,wortsiz@dion.ne.jp,Male,Sales,"€2154,12"
685,Hendrik McCuaig,hmccuaigj0,hmccuaigj0@marriott.com,Male,Training,"€1709,62"
686,Iseabal Hughs,ihughsj1,ihughsj1@taobao.com,Female,Product Management,"€2425,29"
687,Coralie Gofton,cgoftonj2,cgoftonj2@princeton.edu,Female,Marketing,"€2356,94"
688,Minnaminnie Layzell,mlayzellj3,mlayzellj3@mozilla.org,Female,Engineering,"€1713,30"
689,Thorpe Anten,tantenj4,tantenj4@biblegateway.com,Male,Human Resources,"€2361,22"
690,Lotte Gimeno,lgimenoj5,lgimenoj5@google.it,Female,Sales,"€2157,44"
691,Thibaut Schrader,tschraderj6,tschraderj6@slideshare.net,Male,Marketing,"€2822,09"
692,Ethel Kid,ekidj7,ekidj7@blogger.com,Female,Legal,"€2084,27"
693,Milt Depka,mdepkaj8,mdepkaj8@alibaba.com,Male,Business Development,"€2572,00"
694,Fredericka Cordova,fcordovaj9,fcordovaj9@themeforest.net,Female,Business Development,"€2337,76"
695,Ardenia Dracksford,adracksfordja,adracksfordja@cbc.ca,Female,Legal,"€2250,42"
696,Donny Easterling,deasterlingjb,deasterlingjb@tripod.com,Female,Business Development,"€2839,20"
697,Jephthah Clace,jclacejc,jclacejc@marriott.com,Male,Marketing,"€2597,78"
698,Crissy Croutear,ccroutearjd,ccroutearjd@wired.com,Female,Sales,"€1980,75"
699,Bonni McGenis,bmcgenisje,bmcgenisje@myspace.com,Female,Business Development,"€2073,29"
700,Ann-marie Whiting,awhitingjf,awhitingjf@sphinn.com,Female,Services,"€2948,56"
701,Josepha Bartusek,jbartusekjg,jbartusekjg@deliciousdays.com,Female,Legal,"€1678,30"
702,Ransell Gaither,rgaitherjh,rgaitherjh@about.me,Male,Human Resources,"€2368,05"
703,Brion Ruslin,bruslinji,bruslinji@indiatimes.com,Male,Services,"€2665,67"
704,Teressa Botterman,tbottermanjj,tbottermanjj@census.gov,Female,Engineering,"€2117,14"
705,Costa Loynton,cloyntonjk,cloyntonjk@stanford.edu,Male,Human Resources,"€2987,76"
706,Bennett Avramovsky,bavramovskyjl,bavramovskyjl@de.vu,Male,Human Resources,"€1815,82"
707,Cora Robuchon,crobuchonjm,crobuchonjm@omniture.com,Female,Sales,"€2482,55"
708,Mylo Charle,mcharlejn,mcharlejn@51.la,Male,Engineering,"€2964,02"
709,Johnny Kaman,jkamanjo,jkamanjo@so-net.ne.jp,Male,Business Development,"€1809,23"
710,Shari Missenden,smissendenjp,smissendenjp@vinaora.com,Female,Human Resources,"€1912,13"
711,Odelinda Fakes,ofakesjq,ofakesjq@google.fr,Female,Services,"€1700,99"
712,Clyve Hamblington,chamblingtonjr,chamblingtonjr@nps.gov,Male,Engineering,"€2151,02"
713,Gordan Janiak,gjaniakjs,gjaniakjs@wisc.edu,Male,Sales,"€1673,81"
714,Michail Coggles,mcogglesjt,mcogglesjt@alexa.com,Male,Marketing,"€2013,97"
715,Jocelyne Euston,jeustonju,jeustonju@deviantart.com,Female,Research and Development,"€2294,23"
716,Thomasine Livingston,tlivingstonjv,tlivingstonjv@opensource.org,Female,Human Resources,"€1608,21"
717,Chadwick Cartner,ccartnerjw,ccartnerjw@wordpress.org,Male,Research and Development,"€1646,27"
718,Griselda Venes,gvenesjx,gvenesjx@furl.net,Female,Marketing,"€1690,85"
719,Bennie Rudinger,brudingerjy,brudingerjy@slate.com,Male,Marketing,"€2617,42"
720,Gerianna Bernardt,gbernardtjz,gbernardtjz@mozilla.org,Female,Research and Development,"€1612,82"
721,Melania Listone,mlistonek0,mlistonek0@printfriendly.com,Female,Accounting,"€2039,50"
722,Jeramey Handforth,jhandforthk1,jhandforthk1@bandcamp.com,Male,Sales,"€2783,61"
723,Iain Bampkin,ibampkink2,ibampkink2@wix.com,Male,Product Management,"€1945,88"
724,Wash Imbrey,wimbreyk3,wimbreyk3@woothemes.com,Male,Engineering,"€1936,78"
725,Allison Sandiford,asandifordk4,asandifordk4@cafepress.com,Female,Research and Development,"€1832,79"
726,Thebault Barthot,tbarthotk5,tbarthotk5@google.ru,Male,Human Resources,"€2895,68"
727,Candy Jeffries,cjeffriesk6,cjeffriesk6@xing.com,Female,Human Resources,"€2431,83"
728,Durante MacLeese,dmacleesek7,dmacleesek7@businesswire.com,Male,Support,"€2995,85"
729,Irvine Cornborough,icornboroughk8,icornboroughk8@dot.gov,Male,Legal,"€2998,87"
730,Donnie Bulcock,dbulcockk9,dbulcockk9@yandex.ru,Female,Support,"€1836,62"
731,Humfried Peacock,hpeacockka,hpeacockka@mac.com,Male,Support,"€1793,04"
732,Kalle Messier,kmessierkb,kmessierkb@1und1.de,Male,Training,"€1998,68"
733,Hansiain Golightly,hgolightlykc,hgolightlykc@github.io,Male,Research and Development,"€2407,93"
734,Rebecca Ruffy,rruffykd,rruffykd@icq.com,Female,Support,"€1862,26"
735,Witty Beynke,wbeynkeke,wbeynkeke@qq.com,Male,Legal,"€2303,45"
736,August Seiler,aseilerkf,aseilerkf@upenn.edu,Male,Support,"€2921,50"
737,Rori Brandli,rbrandlikg,rbrandlikg@instagram.com,Female,Sales,"€2095,33"
738,Nicolai Mitchelhill,nmitchelhillkh,nmitchelhillkh@wikispaces.com,Male,Sales,"€2129,56"
739,Seymour Bayne,sbayneki,sbayneki@soup.io,Male,Support,"€2137,59"
740,Yehudit Jenk,yjenkkj,yjenkkj@e-recht24.de,Male,Business Development,"€2338,86"
741,Adham Archard,aarchardkk,aarchardkk@youtu.be,Male,Marketing,"€2840,31"
742,Merl Torrent,mtorrentkl,mtorrentkl@reverbnation.com,Female,Research and Development,"€2273,79"
743,Marissa Cornock,mcornockkm,mcornockkm@wufoo.com,Female,Research and Development,"€2578,00"
744,Antone Gearty,ageartykn,ageartykn@nationalgeographic.com,Male,Research and Development,"€2095,03"
745,Brandise Leeke,bleekeko,bleekeko@comcast.net,Female,Engineering,"€1659,68"
746,Karim Thomasson,kthomassonkp,kthomassonkp@ifeng.com,Male,Engineering,"€2249,10"
747,Alyse Baudinet,abaudinetkq,abaudinetkq@dagondesign.com,Female,Research and Development,"€2431,69"
748,Shalne Pickles,spickleskr,spickleskr@redcross.org,Female,Sales,"€2042,37"
749,Andres Lantiff,alantiffks,alantiffks@twitpic.com,Male,Marketing,"€2140,92"
750,Nannie Harvey,nharveykt,nharveykt@google.com.hk,Female,Accounting,"€2249,91"
751,Ursala Abrahart,uabrahartku,uabrahartku@jigsy.com,Female,Services,"€2777,28"
752,Mendy Brewers,mbrewerskv,mbrewerskv@dedecms.com,Male,Engineering,"€2245,51"
753,Pen Muncey,pmunceykw,pmunceykw@shutterfly.com,Male,Sales,"€2949,40"
754,Audra Jacobssen,ajacobssenkx,ajacobssenkx@marketwatch.com,Female,Business Development,"€1782,24"
755,Kellsie Laetham,klaethamky,klaethamky@paypal.com,Female,Support,"€2488,52"
756,Nessie Slimings,nslimingskz,nslimingskz@4shared.com,Female,Support,"€2884,88"
757,Marina Regelous,mregelousl0,mregelousl0@ask.com,Female,Product Management,"€2313,01"
758,Ranice Furmenger,rfurmengerl1,rfurmengerl1@wordpress.com,Female,Support,"€1946,00"
759,Arty de Castelain,adel2,adel2@hp.com,Male,Research and Development,"€2421,31"
760,Glen Twell,gtwelll3,gtwelll3@omniture.com,Female,Accounting,"€2811,33"
761,Kacie Nisco,kniscol4,kniscol4@tuttocitta.it,Female,Sales,"€1723,90"
762,Broddy Cater,bcaterl5,bcaterl5@noaa.gov,Male,Sales,"€2545,62"
763,Joellen Borres,jborresl6,jborresl6@cocolog-nifty.com,Female,Accounting,"€2839,17"
764,Abram Trembath,atrembathl7,atrembathl7@barnesandnoble.com,Male,Business Development,"€2994,42"
765,Hebert Jovicevic,hjovicevicl8,hjovicevicl8@google.com.au,Male,Training,"€1596,95"
766,Derby Ilewicz,dilewiczl9,dilewiczl9@163.com,Male,Business Development,"€2936,20"
767,Tyrus Capoun,tcapounla,tcapounla@tmall.com,Male,Services,"€1709,10"
768,Noelyn Giffkins,ngiffkinslb,ngiffkinslb@npr.org,Female,Engineering,"€2380,54"
769,Cal Learmonth,clearmonthlc,clearmonthlc@businessinsider.com,Female,Product Management,"€2942,77"
770,Sena Szantho,sszanthold,sszanthold@sfgate.com,Female,Support,"€2851,10"
771,Meg Chittey,mchitteyle,mchitteyle@utexas.edu,Female,Engineering,"€2552,91"
772,Andres Goldsbury,agoldsburylf,agoldsburylf@cafepress.com,Male,Engineering,"€2126,96"
773,Sharyl Cracknall,scracknalllg,scracknalllg@lycos.com,Female,Support,"€2055,66"
774,Keeley Lathan,klathanlh,klathanlh@answers.com,Female,Business Development,"€2310,71"
775,Salomi Youell,syouellli,syouellli@hhs.gov,Female,Engineering,"€2538,56"
776,Sheree Caitlin,scaitlinlj,scaitlinlj@studiopress.com,Female,Business Development,"€1599,37"
777,Aubert Finlow,afinlowlk,afinlowlk@macromedia.com,Male,Business Development,"€2759,75"
778,Kassandra Caltera,kcalterall,kcalterall@wikispaces.com,Female,Support,"€2251,17"
779,Carlina Lindenblatt,clindenblattlm,clindenblattlm@github.io,Female,Legal,"€2665,03"
780,Domingo Erb,derbln,derbln@reverbnation.com,Male,Training,"€2989,31"
781,Tierney Dicte,tdictelo,tdictelo@1688.com,Female,Legal,"€2314,23"
782,Neda Turneux,nturneuxlp,nturneuxlp@nifty.com,Female,Marketing,"€2170,37"
783,Ilsa Selvester,iselvesterlq,iselvesterlq@google.com.au,Female,Support,"€1758,11"
784,Evania Hart,ehartlr,ehartlr@paginegialle.it,Female,Sales,"€1861,96"
785,Issy Dimbleby,idimblebyls,idimblebyls@wix.com,Female,Research and Development,"€2805,47"
786,Kristian Loveland,klovelandlt,klovelandlt@icio.us,Male,Human Resources,"€2574,70"
787,Holden Ottiwill,hottiwilllu,hottiwilllu@amazon.co.uk,Male,Human Resources,"€2805,91"
788,Conni Sympson,csympsonlv,csympsonlv@bluehost.com,Female,Support,"€2490,58"
789,Shaun Bohman,sbohmanlw,sbohmanlw@tuttocitta.it,Male,Product Management,"€1584,87"
790,Carlyle Madner,cmadnerlx,cmadnerlx@oracle.com,Male,Business Development,"€1841,24"
791,Ralina Stenners,rstennersly,rstennersly@bandcamp.com,Female,Business Development,"€2491,12"
792,Tonia Antony,tantonylz,tantonylz@feedburner.com,Female,Human Resources,"€1781,59"
793,Dorthea Aggiss,daggissm0,daggissm0@diigo.com,Female,Product Management,"€1790,05"
794,Lanna MacLaughlin,lmaclaughlinm1,lmaclaughlinm1@imgur.com,Female,Marketing,"€1905,61"
795,Stefano Fancutt,sfancuttm2,sfancuttm2@salon.com,Male,Training,"€2667,95"
796,Berni Domonkos,bdomonkosm3,bdomonkosm3@rambler.ru,Female,Product Management,"€2994,51"
797,Lyndsie Rimmer,lrimmerm4,lrimmerm4@a8.net,Female,Training,"€2504,45"
798,Dorotea Bauduin,dbauduinm5,dbauduinm5@economist.com,Female,Training,"€2219,65"
799,Ian Mintrim,imintrimm6,imintrimm6@netvibes.com,Male,Support,"€1680,76"
800,Bradly Pantling,bpantlingm7,bpantlingm7@chronoengine.com,Male,Support,"€2320,69"
801,Kirk Hailes,khailesm8,khailesm8@gravatar.com,Male,Product Management,"€2710,16"
802,Ash Drane,adranem9,adranem9@sphinn.com,Male,Business Development,"€1572,31"
803,Jody Beddows,jbeddowsma,jbeddowsma@ft.com,Female,Engineering,"€2910,24"
804,Tripp Vorley,tvorleymb,tvorleymb@csmonitor.com,Male,Human Resources,"€1795,30"
805,Garvy Kivelhan,gkivelhanmc,gkivelhanmc@wikia.com,Male,Training,"€1576,32"
806,Godwin Crowdy,gcrowdymd,gcrowdymd@fc2.com,Male,Training,"€2375,86"
807,Aileen Gozzett,agozzettme,agozzettme@blogger.com,Female,Marketing,"€2051,77"
808,Virginie Chaffe,vchaffemf,vchaffemf@ehow.com,Female,Research and Development,"€1984,63"
809,Una Raynard,uraynardmg,uraynardmg@eventbrite.com,Female,Research and Development,"€1505,39"
810,Florina Saltsberg,fsaltsbergmh,fsaltsbergmh@plala.or.jp,Female,Business Development,"€1760,15"
811,Mabelle Truett,mtruettmi,mtruettmi@tumblr.com,Female,Product Management,"€1622,33"
812,Beilul Grainge,bgraingemj,bgraingemj@examiner.com,Female,Human Resources,"€1991,63"
813,Ralph Wank,rwankmk,rwankmk@time.com,Male,Accounting,"€1622,72"
814,Gilberta Aylwin,gaylwinml,gaylwinml@sphinn.com,Female,Engineering,"€2025,15"
815,Fancie Kennion,fkennionmm,fkennionmm@phoca.cz,Female,Marketing,"€2109,04"
816,Genevieve Balffye,gbalffyemn,gbalffyemn@washington.edu,Female,Marketing,"€2427,56"
817,Bondie Hutsby,bhutsbymo,bhutsbymo@cornell.edu,Male,Business Development,"€1675,45"
818,Kelsey Venus,kvenusmp,kvenusmp@shop-pro.jp,Male,Marketing,"€2433,71"
819,Barron Patrono,bpatronomq,bpatronomq@wisc.edu,Male,Services,"€2279,01"
820,Rorie Root,rrootmr,rrootmr@privacy.gov.au,Female,Support,"€1677,43"
821,Burty Deyes,bdeyesms,bdeyesms@bbb.org,Male,Legal,"€2111,04"
822,Victoria Gollop,vgollopmt,vgollopmt@dagondesign.com,Female,Services,"€1987,96"
823,Brien Broomfield,bbroomfieldmu,bbroomfieldmu@prlog.org,Male,Marketing,"€2392,88"
824,Joachim Bigland,jbiglandmv,jbiglandmv@va.gov,Male,Marketing,"€2643,49"
825,Hedvige Gallatly,hgallatlymw,hgallatlymw@google.cn,Female,Marketing,"€1680,43"
826,Lin Grigoletti,lgrigolettimx,lgrigolettimx@mtv.com,Female,Sales,"€2997,07"
827,Devy Raecroft,draecroftmy,draecroftmy@usa.gov,Male,Accounting,"€2887,21"
828,Darwin Verrills,dverrillsmz,dverrillsmz@cisco.com,Male,Services,"€2570,15"
829,Alleyn Salack,asalackn0,asalackn0@weather.com,Male,Training,"€2016,59"
830,Victoria Barkshire,vbarkshiren1,vbarkshiren1@example.com,Female,Business Development,"€2431,88"
831,Deborah Andren,dandrenn2,dandrenn2@state.gov,Female,Product Management,"€2005,45"
832,Wileen Pearde,wpearden3,wpearden3@tuttocitta.it,Female,Sales,"€2948,69"
833,Cassius Huggett,chuggettn4,chuggettn4@creativecommons.org,Male,Support,"€1864,29"
834,Ranee Tassell,rtasselln5,rtasselln5@cbsnews.com,Female,Services,"€1624,56"
835,Nessi Tomkies,ntomkiesn6,ntomkiesn6@cisco.com,Female,Legal,"€2434,01"
836,Janette Pleasance,jpleasancen7,jpleasancen7@163.com,Female,Business Development,"€1701,35"
837,Alon Bragginton,abraggintonn8,abraggintonn8@google.cn,Male,Product Management,"€2551,91"
838,Gaspar Trendle,gtrendlen9,gtrendlen9@domainmarket.com,Male,Training,"€2759,90"
839,Wynne Milesap,wmilesapna,wmilesapna@walmart.com,Female,Product Management,"€1985,12"
840,Gav Chastand,gchastandnb,gchastandnb@home.pl,Male,Training,"€1612,09"
841,Enid Filson,efilsonnc,efilsonnc@icio.us,Female,Accounting,"€2920,92"
842,Bette Rushbrooke,brushbrookend,brushbrookend@sphinn.com,Female,Product Management,"€1830,09"
843,Milly Jouanet,mjouanetne,mjouanetne@deliciousdays.com,Female,Product Management,"€1736,58"
844,Mord Capozzi,mcapozzinf,mcapozzinf@elegantthemes.com,Male,Services,"€2521,17"
845,Tracy Blampied,tblampiedng,tblampiedng@dropbox.com,Female,Human Resources,"€2850,61"
846,Rozina Waumsley,rwaumsleynh,rwaumsleynh@oakley.com,Female,Sales,"€2407,85"
847,Kimball Iban,kibanni,kibanni@printfriendly.com,Male,Human Resources,"€2385,17"
848,Ashton Tomeo,atomeonj,atomeonj@boston.com,Male,Services,"€1816,70"
849,Saunder Ambroz,sambroznk,sambroznk@photobucket.com,Male,Services,"€2873,87"
850,Lew MacCoveney,lmaccoveneynl,lmaccoveneynl@economist.com,Male,Legal,"€1776,88"
851,Carol McRamsey,cmcramseynm,cmcramseynm@theguardian.com,Female,Accounting,"€2298,01"
852,Jocko Flett,jflettnn,jflettnn@weather.com,Male,Legal,"€2899,98"
853,Hurley Garnsey,hgarnseyno,hgarnseyno@skype.com,Male,Accounting,"€2538,71"
854,Kelsy Beetles,kbeetlesnp,kbeetlesnp@whitehouse.gov,Female,Legal,"€1939,63"
855,Kristyn Over,kovernq,kovernq@shareasale.com,Female,Training,"€2214,52"
856,Anna-maria Cammish,acammishnr,acammishnr@columbia.edu,Female,Legal,"€2674,82"
857,Electra Anderton,eandertonns,eandertonns@zimbio.com,Female,Business Development,"€1752,19"
858,Kitty Comettoi,kcomettoint,kcomettoint@dagondesign.com,Female,Sales,"€2113,25"
859,Terri Mulvaney,tmulvaneynu,tmulvaneynu@dion.ne.jp,Male,Accounting,"€2084,70"
860,Simmonds Tomalin,stomalinnv,stomalinnv@livejournal.com,Male,Support,"€2861,93"
861,Tana Denford,tdenfordnw,tdenfordnw@yahoo.com,Female,Marketing,"€2184,40"
862,Sal Sayton,ssaytonnx,ssaytonnx@hao123.com,Male,Marketing,"€2622,68"
863,Doralyn Penhalewick,dpenhalewickny,dpenhalewickny@china.com.cn,Female,Sales,"€2703,53"
864,Kiah O' Clovan,konz,konz@1und1.de,Female,Accounting,"€1583,22"
865,Blane Dhenin,bdhenino0,bdhenino0@unicef.org,Male,Product Management,"€1936,24"
866,Diarmid Cargen,dcargeno1,dcargeno1@edublogs.org,Male,Marketing,"€1702,46"
867,Rutledge Klimp,rklimpo2,rklimpo2@cafepress.com,Male,Marketing,"€2009,18"
868,Derby Pahler,dpahlero3,dpahlero3@issuu.com,Male,Marketing,"€2138,07"
869,Boy Swan,bswano4,bswano4@usatoday.com,Male,Marketing,"€1500,23"
870,Danya Jekel,djekelo5,djekelo5@canalblog.com,Female,Business Development,"€1725,75"
871,Alfie Dellatorre,adellatorreo6,adellatorreo6@symantec.com,Male,Support,"€1614,97"
872,Vina Woolaston,vwoolastono7,vwoolastono7@usgs.gov,Female,Services,"€2689,97"
873,Joseito Finlay,jfinlayo8,jfinlayo8@kickstarter.com,Male,Services,"€2747,18"
874,Chic Mogg,cmoggo9,cmoggo9@hugedomains.com,Male,Engineering,"€1985,99"
875,Sherm Dabels,sdabelsoa,sdabelsoa@prnewswire.com,Male,Engineering,"€2671,75"
876,Herb Normand,hnormandob,hnormandob@comcast.net,Male,Sales,"€2252,57"
877,Dalis Bartholin,dbartholinoc,dbartholinoc@fc2.com,Male,Services,"€2131,97"
878,Berta Dearnaly,bdearnalyod,bdearnalyod@qq.com,Female,Legal,"€1581,90"
879,Guthrey Mc Queen,gmcoe,gmcoe@amazonaws.com,Male,Engineering,"€2086,16"
880,Bar Hustings,bhustingsof,bhustingsof@slashdot.org,Male,Product Management,"€1706,08"
881,Iolande Raoul,iraoulog,iraoulog@craigslist.org,Female,Training,"€2491,31"
882,Wynn Zute,wzuteoh,wzuteoh@ucoz.com,Male,Engineering,"€2257,76"
883,Akim Hubball,ahubballoi,ahubballoi@npr.org,Male,Research and Development,"€2482,96"
884,Imogen Nettle,inettleoj,inettleoj@constantcontact.com,Female,Marketing,"€2922,84"
885,Sinclair Tanton,stantonok,stantonok@discovery.com,Male,Marketing,"€1989,91"
886,Rowney Hentzer,rhentzerol,rhentzerol@free.fr,Male,Sales,"€1957,26"
887,Gratia Snoding,gsnodingom,gsnodingom@marriott.com,Female,Research and Development,"€1678,46"
888,Gayel Besque,gbesqueon,gbesqueon@vinaora.com,Female,Support,"€1568,88"
889,Melany Stearndale,mstearndaleoo,mstearndaleoo@addtoany.com,Female,Research and Development,"€2062,71"
890,Nomi Sowley,nsowleyop,nsowleyop@netlog.com,Female,Research and Development,"€2388,30"
891,Abby Witchalls,awitchallsoq,awitchallsoq@imgur.com,Female,Human Resources,"€1741,48"
892,Deborah Gullivent,dgulliventor,dgulliventor@w3.org,Female,Training,"€2712,62"
893,Luce Trencher,ltrencheros,ltrencheros@nydailynews.com,Male,Training,"€2116,46"
894,Corey Bannon,cbannonot,cbannonot@economist.com,Male,Training,"€1578,98"
895,Ezri Temperton,etempertonou,etempertonou@paginegialle.it,Male,Product Management,"€2139,75"
896,Skippy Bridges,sbridgesov,sbridgesov@vinaora.com,Male,Accounting,"€1632,26"
897,Abbey Iacofo,aiacofoow,aiacofoow@wunderground.com,Male,Research and Development,"€2566,07"
898,Etheline Cannings,ecanningsox,ecanningsox@yellowpages.com,Female,Product Management,"€2874,12"
899,Corliss Burvill,cburvilloy,cburvilloy@fda.gov,Female,Sales,"€2935,50"
900,Nappie Coper,ncoperoz,ncoperoz@apple.com,Male,Sales,"€2445,56"
901,Conan Lorriman,clorrimanp0,clorrimanp0@shop-pro.jp,Male,Support,"€2124,58"
902,Gwenore Cardenosa,gcardenosap1,gcardenosap1@epa.gov,Female,Product Management,"€2688,72"
903,Torin Romaint,tromaintp2,tromaintp2@discovery.com,Male,Services,"€2446,33"
904,Vincent Nancarrow,vnancarrowp3,vnancarrowp3@auda.org.au,Male,Engineering,"€2395,14"
905,Gill Biasioli,gbiasiolip4,gbiasiolip4@geocities.com,Female,Accounting,"€2537,35"
906,Henry Ferschke,hferschkep5,hferschkep5@independent.co.uk,Male,Support,"€2571,48"
907,Asia Pegg,apeggp6,apeggp6@hatena.ne.jp,Female,Marketing,"€2893,31"
908,Bengt Jaher,bjaherp7,bjaherp7@vistaprint.com,Male,Product Management,"€2136,62"
909,Delores Bew,dbewp8,dbewp8@bbc.co.uk,Female,Training,"€1745,38"
910,Zebadiah Burnand,zburnandp9,zburnandp9@naver.com,Male,Marketing,"€2666,65"
911,Phedra Dessaur,pdessaurpa,pdessaurpa@hugedomains.com,Female,Marketing,"€2545,39"
912,Inge Wollard,iwollardpb,iwollardpb@netlog.com,Female,Product Management,"€1644,93"
913,Ashlee Reinhard,areinhardpc,areinhardpc@t.co,Female,Legal,"€2691,77"
914,Ryun Bees,rbeespd,rbeespd@so-net.ne.jp,Male,Research and Development,"€1663,35"
915,Cal McReath,cmcreathpe,cmcreathpe@geocities.com,Male,Marketing,"€2737,02"
916,Nikolas Gligorijevic,ngligorijevicpf,ngligorijevicpf@wikimedia.org,Male,Services,"€1527,78"
917,Donavon Fincher,dfincherpg,dfincherpg@feedburner.com,Male,Research and Development,"€1606,05"
918,Jenine Degan,jdeganph,jdeganph@hexun.com,Female,Legal,"€2183,64"
919,Magda Eagger,meaggerpi,meaggerpi@chicagotribune.com,Female,Research and Development,"€2156,49"
920,Annabal Edwardson,aedwardsonpj,aedwardsonpj@europa.eu,Female,Marketing,"€2045,70"
921,Bryana Tohill,btohillpk,btohillpk@who.int,Female,Marketing,"€2088,08"
922,Remy McKechnie,rmckechniepl,rmckechniepl@ca.gov,Female,Support,"€2521,92"
923,Bernardina Di Frisco,bdipm,bdipm@wordpress.com,Female,Legal,"€2040,03"
924,Flinn Burford,fburfordpn,fburfordpn@hhs.gov,Male,Human Resources,"€2498,10"
925,Kristan Beedham,kbeedhampo,kbeedhampo@hexun.com,Female,Human Resources,"€1748,80"
926,Barnard Kitcatt,bkitcattpp,bkitcattpp@ocn.ne.jp,Male,Human Resources,"€1767,59"
927,Gayla Willshaw,gwillshawpq,gwillshawpq@toplist.cz,Female,Services,"€1784,20"
928,Maryellen Eate,meatepr,meatepr@facebook.com,Female,Training,"€2997,79"
929,Sidonia Spir,sspirps,sspirps@wordpress.com,Female,Product Management,"€2959,72"
930,Rikki Isabell,risabellpt,risabellpt@jigsy.com,Female,Research and Development,"€2895,62"
931,Friederike Amdohr,famdohrpu,famdohrpu@histats.com,Female,Business Development,"€2260,20"
932,Devora McQuilkin,dmcquilkinpv,dmcquilkinpv@cyberchimps.com,Female,Training,"€1956,47"
933,Keeley Morrissey,kmorrisseypw,kmorrisseypw@tripadvisor.com,Female,Training,"€2491,47"
934,Henrieta Leacy,hleacypx,hleacypx@yandex.ru,Female,Engineering,"€1860,07"
935,Obadiah Bellany,obellanypy,obellanypy@com.com,Male,Research and Development,"€2515,52"
936,Englebert Livesley,elivesleypz,elivesleypz@msu.edu,Male,Accounting,"€2284,20"
937,Marc Treharne,mtreharneq0,mtreharneq0@google.com.br,Male,Support,"€1802,34"
938,Pyotr Slator,pslatorq1,pslatorq1@chicagotribune.com,Male,Business Development,"€2936,83"
939,Nichole Brettle,nbrettleq2,nbrettleq2@wufoo.com,Male,Services,"€2869,76"
940,Flemming Francescuccio,ffrancescuccioq3,ffrancescuccioq3@arizona.edu,Male,Engineering,"€2998,47"
941,Mathian Winterson,mwintersonq4,mwintersonq4@google.nl,Male,Services,"€2910,12"
942,Rania Snel,rsnelq5,rsnelq5@livejournal.com,Female,Engineering,"€2113,33"
943,Alma Franzelini,afranzeliniq6,afranzeliniq6@mediafire.com,Female,Support,"€2612,88"
944,Tadio Dowman,tdowmanq7,tdowmanq7@yahoo.co.jp,Male,Marketing,"€2840,60"
945,Brannon Farnaby,bfarnabyq8,bfarnabyq8@bigcartel.com,Male,Support,"€2392,03"
946,Mendy Kaindl,mkaindlq9,mkaindlq9@yolasite.com,Male,Support,"€2740,38"
947,Ferdinanda Handes,fhandesqa,fhandesqa@msn.com,Female,Human Resources,"€1565,61"
948,Claire Todari,ctodariqb,ctodariqb@miitbeian.gov.cn,Male,Research and Development,"€1738,22"
949,Booth Trickey,btrickeyqc,btrickeyqc@soundcloud.com,Male,Human Resources,"€2669,42"
950,Binky Hardwin,bhardwinqd,bhardwinqd@fema.gov,Male,Training,"€1716,32"
951,Silvia Bryceson,sbrycesonqe,sbrycesonqe@xinhuanet.com,Female,Legal,"€2788,91"
952,Lacey Motion,lmotionqf,lmotionqf@sitemeter.com,Female,Product Management,"€2063,27"
953,Vilhelmina Scinelli,vscinelliqg,vscinelliqg@technorati.com,Female,Accounting,"€2124,51"
954,Rabi Swiffan,rswiffanqh,rswiffanqh@purevolume.com,Male,Engineering,"€1916,64"
955,Haskell Gwillim,hgwillimqi,hgwillimqi@ucla.edu,Male,Training,"€2899,50"
956,Husein Merrifield,hmerrifieldqj,hmerrifieldqj@com.com,Male,Product Management,"€2396,32"
957,Gifford Annable,gannableqk,gannableqk@marriott.com,Male,Support,"€1603,15"
958,Dniren Twentyman,dtwentymanql,dtwentymanql@wunderground.com,Female,Business Development,"€2981,70"
959,Pam Jeffcoat,pjeffcoatqm,pjeffcoatqm@ted.com,Female,Research and Development,"€1940,90"
960,Kerri Runacres,krunacresqn,krunacresqn@boston.com,Female,Human Resources,"€2993,44"
961,Virgil Comberbach,vcomberbachqo,vcomberbachqo@washington.edu,Male,Sales,"€2299,41"
962,Jami Tytler,jtytlerqp,jtytlerqp@mozilla.org,Female,Accounting,"€2301,90"
963,Bailie Manass,bmanassqq,bmanassqq@wp.com,Male,Research and Development,"€2362,67"
964,Harland De Bellis,hdeqr,hdeqr@gov.uk,Male,Research and Development,"€1937,47"
965,Hunt Lowery,hloweryqs,hloweryqs@marriott.com,Male,Human Resources,"€2103,36"
966,Zerk MacCrossan,zmaccrossanqt,zmaccrossanqt@fotki.com,Male,Training,"€1604,49"
967,Nickolaus Yarwood,nyarwoodqu,nyarwoodqu@yale.edu,Male,Marketing,"€2519,56"
968,Lawrence Baradel,lbaradelqv,lbaradelqv@e-recht24.de,Male,Marketing,"€2808,63"
969,Robb Ryall,rryallqw,rryallqw@cdbaby.com,Male,Sales,"€2265,69"
970,Rozele Darragon,rdarragonqx,rdarragonqx@narod.ru,Female,Accounting,"€2451,77"
971,Neilla Mahoney,nmahoneyqy,nmahoneyqy@java.com,Female,Business Development,"€2483,83"
972,Claudius Tinton,ctintonqz,ctintonqz@admin.ch,Male,Business Development,"€2726,88"
973,Gaby Kroon,gkroonr0,gkroonr0@artisteer.com,Female,Support,"€2319,10"
974,Ewan Sofe,esofer1,esofer1@jimdo.com,Male,Research and Development,"€2815,36"
975,Carly Adicot,cadicotr2,cadicotr2@comsenz.com,Male,Business Development,"€2814,40"
976,Freddy MacPeice,fmacpeicer3,fmacpeicer3@npr.org,Female,Research and Development,"€1611,89"
977,Ashlee Finlater,afinlaterr4,afinlaterr4@ustream.tv,Female,Services,"€2238,64"
978,Orville Jamblin,ojamblinr5,ojamblinr5@uiuc.edu,Male,Accounting,"€1712,76"
979,Cosmo Dwire,cdwirer6,cdwirer6@wufoo.com,Male,Sales,"€2859,95"
980,Moina Druitt,mdruittr7,mdruittr7@zdnet.com,Female,Services,"€2718,95"
981,Gordie Cleobury,gcleoburyr8,gcleoburyr8@skype.com,Male,Support,"€2210,22"
982,Nelia Oldaker,noldakerr9,noldakerr9@prnewswire.com,Female,Engineering,"€2426,31"
983,Eduino Swindles,eswindlesra,eswindlesra@discovery.com,Male,Services,"€2282,75"
984,Henrieta Shuttell,hshuttellrb,hshuttellrb@sina.com.cn,Female,Services,"€2535,82"
985,Drona Tomasi,dtomasirc,dtomasirc@hibu.com,Female,Services,"€2077,70"
986,Stern Rickasse,srickasserd,srickasserd@cbc.ca,Male,Support,"€2376,16"
987,Shel Pietrowicz,spietrowiczre,spietrowiczre@xing.com,Female,Engineering,"€2546,13"
988,Carola Carsey,ccarseyrf,ccarseyrf@un.org,Female,Human Resources,"€2921,29"
989,Pooh Tosdevin,ptosdevinrg,ptosdevinrg@noaa.gov,Male,Training,"€2949,17"
990,Skelly Fricke,sfrickerh,sfrickerh@booking.com,Male,Sales,"€2431,71"
991,Ruby McFee,rmcfeeri,rmcfeeri@smugmug.com,Male,Legal,"€2655,47"
992,Tedie Matteoli,tmatteolirj,tmatteolirj@google.nl,Male,Training,"€2756,42"
993,Sky Dunning,sdunningrk,sdunningrk@instagram.com,Male,Business Development,"€1579,99"
994,Henrieta Phelip,hpheliprl,hpheliprl@free.fr,Female,Engineering,"€2177,24"
995,Cameron Grovier,cgrovierrm,cgrovierrm@pagesperso-orange.fr,Male,Accounting,"€1583,82"
996,Tomkin Halleybone,thalleybonern,thalleybonern@ovh.net,Male,Marketing,"€2347,55"
997,Munroe Disbrow,mdisbrowro,mdisbrowro@phoca.cz,Male,Business Development,"€2276,33"
998,Padget Gonnel,pgonnelrp,pgonnelrp@fc2.com,Male,Marketing,"€1850,37"
999,Domeniga Aujouanet,daujouanetrq,daujouanetrq@ox.ac.uk,Female,Accounting,"€1740,35"
1000,Amelina Breinl,abreinlrr,abreinlrr@etsy.com,Female,Engineering,"€2705,11"
